County,Parent Agency ID,Partner Agency Program No.,Partner Agency Name,c_Address,c_City,c_Post_Code,c_Delivery_Info,Partner Agency Type,FoodFinder-Table1.sl_phone
VANCE,D1001,D1001FP,ACTS of Vance County,201 S William St,Henderson,27536,Food Box pick up Tuesday and Thursday 8:30AM to 9:30AM. Please call by 9:00 any day to be added to the list,FOODPANTRY,252.492.8231
VANCE,D1001,D1001SK,ACTS of Vance County,201 S William St,Henderson,27536,Lunch 11:00AM to 12:00PM,SOUP KITCH,252-492-8231
CHATHAM,D1005,D1005FP,Alston Chapel United Holy,1832 Alston Chapel Rd,Pittsboro,27312,MWF 12:45-1:30pm; 3rd Wednesday (Food Bags); Saturdays at 12:45-1:30 pm; Sundays 12:30-1 pm,FOODPANTRY,919-542-4111
VANCE,D1006,D1006FP,Anathoth House,315 Dabney Dr,Henderson,27536,"Last Tuesday of the month from 10:00AM to 12:00PM, or  pick up by appointment please call or text (301)751-4870",FOODPANTRY,3017514870
GRANVILLE,D1008,D1008FP,Area Congregations in Ministry,634 Roxboro Rd,Oxford,27565,M 4:30- 6:30 pm. WF/9am-12pm,FOODPANTRY,919-690-0961
DURHAM,D1009,D1009FP,Believers United for Progress,1306 Fayetteville St,Durham,27707,Tuesdays 10:00am - 1:00pm,FOODPANTRY,919-381-8519
DURHAM,D1010,D1010FP,Bell-Yeager,128 E Cornwallis Rd,Durham,27707,Wednesday 10:00am - 1:00pm,FOODPANTRY,919-599-6143
GRANVILLE,D1011,D1011FP,Belton Creek Baptist Church,4153 Hwy 96 S,Oxford,27565,Fridays from 11:00AM to 12:00PM,FOODPANTRY,919-693-1727
DURHAM,D1013,D1013FP,Birchwood Learning Center,416 Walton St,Durham,27703,1st & 3rd Tuesday and Wednesday of each month,FOODPANTRY,919-598-9885
VANCE,D1015,D1015FP,Brookston Baptist Church,242 Baptist Church Rd,Henderson,27537,2nd Tuesday 1-2:30 and Appointment only,FOODPANTRY,252-767-3084
DURHAM,D1018,D1018FP,Catholic Charities - Durham Community Food Pantry,2020 Chapel Hill Rd Ste 30,Durham,27707,"Wednesday 10:00am-1:00pm and 5:00pm-7:00pm, Tursday 10:00am-1:00pm",FOODPANTRY,919-286-1964
ORANGE,D1019,D1019FP,Cedar Grove Mt Zion AME Church,5124 NC HIGHWAY 86 N,Hillsborough,27278,"3rd Friday/month 9:30-11am, and as needed",FOODPANTRY,919-732-5450
CHATHAM,D1020,D1020FP,Chatham Out-Reach Alliance,40 Camp Dr,Pittsboro,27312,Walk In Choice Food Pantry Monday-Thursday 10:00AM -2:00PM. Drive Thru pick up Friday 10:00AM- 12:00PM,FOODPANTRY,919-542-5020
DURHAM,D1021,D1021FP,Christian Assembly Emergency,5516 N Roxboro Rd,Durham,27713,"2nd, 4th Thursdays, 4pm to 6pm",FOODPANTRY,919-471-0220
GRANVILLE,D1022,D1022FP,Christian Faith Center,101 Peachtree St,Creedmoor,27522,"Thursdays, 12-2pm",FOODPANTRY,919-528-1581
PERSON,D1023,D1023FP,The Christian Help Center of Person County,122 Depot St,Roxboro,27573,"M, W, and F 9:00AM to 11:45AM",FOODPANTRY,336-599-6070
DURHAM,D1025,D1025FP,Church of Philadelphia,1309 Jackson St,Durham,27701,Every Sunday from 1PM - 3 PM,FOODPANTRY,919-286-0547
DURHAM,D1026,D1026FP,CIP,101 S Driver St,Durham,27703,Call for Appointment,FOODPANTRY,910.261.4015
VANCE,D1029,D1029FP,Cotton Memorial,511 N Chestnut St,Henderson,27536,2nd and 4th Saturdays 9am-10am,FOODPANTRY,252-492-3478
ORANGE,D1030,D1030DD,Carr Methodist Church,8200 NC 49 North,Cedar Grove,27231,4th Friday of Each Month at 8am,DIRECT DST,919-563-4364
DURHAM,D1033,D1033FP,Divine Grace Fellowship,1500-A E Club Blvd Bldg 100,Durham,27703,"Monday -Friday, By Appointment",FOODPANTRY,919-638-2227
DURHAM,D1041,D1041FP,Emanuel Tabernacle Holiness,2525 Atlantic St,Durham,27707,1st and 3rd Thursday of each Month from 10:30am-12:00pm,FOODPANTRY,919-641-1646
DURHAM,D1043,D1043FP,Faith Gospel Tabernacle,663 Troy St,Durham,27703,Thursdays 8:30 - 10:30am,FOODPANTRY,919-596-4533
DURHAM,D1049,D1049FP,First Calvary Baptist Church,1311 Morehead Ave,Durham,27707,"Tuesdays & Thursdays, 10:00am-12:00pm",FOODPANTRY,919-489-4184
DURHAM,D1050,D1050FP,Fisher Memorial,420 E Piedmont Ave,Durham,27707,Every Wednesday from 12:00 noon until 1:00 p.m,FOODPANTRY,919-682-7416
VANCE,D1059,D1059FP,Gang Free INC,608 Harriett St,Henderson,27536,"Wednesdays 12:00PM to 3:00PM, 3rd Friday TEFAP drive thru distribution 8:00AM",FOODPANTRY,252-598-0067
ORANGE,D1060,D1060DD,Grace and Peace Tabernacle,600 E Washington St,Mebane,27302,"Monday thru Sunday 1:00PM to 3:00PM, 2nd Monday 2:00PM Drive Thru, 4th Tuesday 5:00PM to 6:00PM Drive Thru",DIRECT DST,336-223-9225
DURHAM,D1061,D1061FP,Mom and Pops Giving Closet,1417 Cole Mill Rd,Durham,27705,Tuesday 4:00 PM - 6:00 PM and 3rd Saturday 10:00 AM - Noon,FOODPANTRY,
DURHAM,D1062,D1062FP,Grace Outreach Enrichment,612 Gary St,Durham,27703,"Monday - Friday 10:30am - 12:00pm, 2nd and 4th Saturday 10:00am - 12:00pm",FOODPANTRY,919.423.3215
PERSON,D1063,D1063FP,Greater Deliverance Tabernacle,199 Flat River Rd,Roxboro,27574,"Saturdays 11:00AM to 1:00PM by appointment please call (336)592-0640, Sundays 1:00PM-3:00PM",FOODPANTRY,(336)592-0640
DURHAM,D1064,D1064FP,Hannah's Community Kitchen,5524 N Roxboro Rd,Durham,27712,M-F 12pm-1pm,FOODPANTRY,919-358-2048
VANCE,D1065,D1065FP,Greater Ransom Way of the,90 South Lake Lodge Ext,Henderson,27537,1st and 3rd Saturdays from 9:00 am until 12:00 noon,FOODPANTRY,919-693-1511
DURHAM,D1066,D1066FP,Greater Refuge Temple,1438 Maplewood Dr,Durham,27704,3rd Wednesdays 10:00am-12:00pm,FOODPANTRY,919-608-7525
DURHAM,D1072,D1072FP,Healing With CAARE,214 Broadway St,Durham,27701,Tuesday/Wednesday 11-1:30; Fridays emergency only,FOODPANTRY,919-683-5300
ORANGE,D1073,D1073FP,Hillsborough Church Of God,2412 HWY 86 S,Hillsborough,27278,"2nd, 3rd and 4th Thursdays from 10:00AM to 12:00PM, Drive Thru",FOODPANTRY,919-923-0812
DURHAM,D1075,D1075FP,Emanuel Food Pantry,2504 N Roxboro St,Durham,27704,Wednesday from 5:30-6pm Bread on Fridays,FOODPANTRY,
DURHAM,D1076,D1076FP,Immanuel Temple SDA Community,2102 S Alston Ave,Durham,27707,1st & 2nd Wed 10-1pm; and as needed,FOODPANTRY,919.957.0032
ORANGE,D1077,D1077FP,Inter-Faith Council Community Market,110 West Main St,Carrboro,27510,"Monday-Friday, 9am-5pm; Tues & Wed 5-7pm",FOODPANTRY,"919-929-6380, Choose ""0"""
ORANGE,D1077,D1077SK,Inter-Faith Council Community Kitchen,110 West Main St,Carrboro,27510,Breakfast at 6:15-7am; lunch at 11:15am-12:30pm; dinner at 6:15-7pm,SOUP KITCH,(919)929-6380
DURHAM,D1086,D1086FP,Kings Park Church,1305 Odyssey Dr,Durham,27713,Wednesday's from 5:00PM to 6:00PM,FOODPANTRY,321-246-6344
VANCE,D1087,D1087FP,Kitrell Shiloh Missionary,1390 S Chavis Rd,Kitrell,27544,"2nd and 4th Saturday, 9:30-10:30am",FOODPANTRY,252-492-8152
GRANVILLE,D1089,D1089FP,Living Stones,6096 Tabbs Creek Rd,Oxford,27565,"1st Monday of the month 3-5PM,3rd Sunday from 1PM-4PM ",FOODPANTRY,919-482-9688
ORANGE,D1095,D1095DD,Mebane's Chapel United Holy,421 Union St,Hillsborough,27278,First Friday of the month at 11:00AM,DIRECT DST,919-225-1228
DURHAM,D1097,D1097FP,Ministerios Guerreros De JesúCristo International,1800 N Roxboro St,Durham,27701,Wednesds 9:30am-12:00pm,FOODPANTRY,919-395-7539
DURHAM,D1099,D1099FP,Mt Bethel United Methodist,1605 Bahama Rd,Durham,27503,Saturdays 9:30am -11:30am,FOODPANTRY,919-414-5407
VANCE,D1103,D1103FP,Mt Zion Christian Church,995 Burr St,Henderson,27536,Thurs 2-4pm,FOODPANTRY,252-430-7277 Ext 24
PERSON,D1105,D1105FP,Oak Grove Community,854 Oak Grove Mt Zion Rd,Roxboro,27574,"2nd Friday 5:00Pm to 7:00PM, 3rd Friday 9:00AM to 11:00AM By Appt only please call (336)503-3992",FOODPANTRY,336-503-3992
DURHAM,D1106,D1106FP,Oak Grove UA Free Will Baptist,1008A Simmons St,Durham,27701,"Tuesdays 9:00am -12:00pm, Thursday 9:30am - 12:30pm",FOODPANTRY,919-680-2927
DURHAM,D1107,D1107FP,Obedience To The Word,644 Bon Air Ave,Durham,27704,Wednesdays 10:00am-11:00am,FOODPANTRY,919-282-7277
ORANGE,D1110,D1110FP,Orange Congregations Mission,300 Millstone Dr,Hillsborough,27278,Monday thru Friday 9:00Am to 4:30PM by appt,FOODPANTRY,919-732-6194 Ext 12
GRANVILLE,D1114,D1114DD,Oxford Speaks Life Church House of Ministries,512 Granville St,Oxford,27565,Second Monday 11:00AM till 2:00PM,DIRECT DST,(919)939-3101
GRANVILLE,D1116,D1116FP,Pettiford Grove Baptist Church,3579 Cannady Mill Rd,Kittrell,27544,2nd Monday 11:30 am - 2:00 pm & the following Day Tuesday 4:00 pm - 6:00 pm,FOODPANTRY,919-605-7051
GRANVILLE,D1117,D1117FP,Pine Grove Baptist Church,1624 Lake Rd/Hwy 56,Creedmoor,27522,"1st & 3rd Thursday/month, 12-2pm; limit one visit/month",FOODPANTRY,919-671-4335
ORANGE,D1123,D1123FP,Rogers-Eubanks Neighborhood,101 Edgar St,Chapel Hill,27516,"2nd Tuesday from 11:00AM to 3:30PM, 3rd Saturday from 10:30AM to 3:30PM drive thru until it is gone",FOODPANTRY,919-918-2822
DURHAM,D1124,D1124FP,Rougemont Food Pantry,105 Red Mountain Rd,Rougemont,27572,1st and 3rd Saturday from 9:00AM to 10:00AM,FOODPANTRY,919.599.0712
DURHAM,D1126,D1126FP,Russell Memorial CME Church,703 S Alston Ave,Durham,27701,Wednesdays 9:00am - 12:00pm,FOODPANTRY,919-682-2523
DURHAM,D1127,D1127FP,Salvation Army-Durham,909 Liberty St,Durham,27701,Fridays 10:00am - 12:00pm,FOODPANTRY,919-688-7306
VANCE,D1129,D1129FP,Salvation Army-Henderson,2292 Ross Mill Rd,Henderson,27537,Monday - Thursday 9:00AM to 3:00PM,FOODPANTRY,252-438-7107
DURHAM,D1130,D1130FP,Seed Time & Harvest Fellowship,804 Berwyn Ave,Durham,27704,"Every Thursday at 11:30, by Appointment",FOODPANTRY,919-220-2896
VANCE,D1131,D1131FP,Shiloh Baptist Church,635 College St,Henderson,27536,Thursday's at 9:00 or by appointment,FOODPANTRY,252-598-0415
ORANGE,D1133,D1133FP,Saint John United Holy Church,607 Pine Acres Rd,Chapel Hill,27516,2nd and 4th Saturdays 10:00AM to 12:00PM,FOODPANTRY,919-967-2318
DURHAM,D1134,D1134FP,Saint John's House of Refuge,1307 W Knox St,Durham,27701,4th Thursday at 11-1pm,FOODPANTRY,919-286-0332
DURHAM,D1135,D1135FP,Saint Joseph AME Church,2521 Fayetteville St,Durham,27707,Wednesdays 2:00pm-3:00pm,FOODPANTRY,(919)682-5454
GRANVILLE,D1149,D1149DD,Upon This Rock Ministry,1206 College St,Oxford,27565,"Ist Friday drive Thru Distribution from 9:00AM Until its gone, Every Tuesday and Friday 9:30AM until.  ",DIRECT DST,919-692-0007
DURHAM,D1150,D1150FP,Urban Ministries Food Pantry,410 Liberty St,Durham,27701,"Mon. and Wed. 1:00pm - 3:00pm, Tues. and Thurs. 9:30am - 11:30am",FOODPANTRY,919-682-0538
DURHAM,D1150,D1150SK,Urban Ministries of Durham,410 Liberty St,Durham,27701,Mon - Fri 8:00am - 9:00am,SOUP KITCH,919-682-0538 Ext161
CHATHAM,D1156,D1156FP,CORA Food Pantry in Siler City,2535 Old US Hwy 421 N,Siler City,27344,"Monday 4:00PM to 6:00PM, Wed 12:00PM to 2:00PM, Friday 12:00PM – 2:00PM, 2nd Saturday of the month 10:00AM – 12:00PM",FOODPANTRY,919-742-3111
DURHAM,D1157,D1157FP,White Rock Baptist Church,3400 Fayetteville St,Durham,27707,2nd Saturday 11:00am - 1:00pm,FOODPANTRY,919-225-0374
VANCE,D1161,D1161DD,Young Memorial,505 Brookston Rd,Henderson,27537,"Drive Thru 1st and 3rd Thursdays 8:00AM until its gone, 4th Wednesday 6:00PM to 7:00PM",DIRECT DST,252-425-1207
PERSON,D1162,D1162FP,Zion Christian Center,2850 Virgilina Rd,Roxboro,27574,2nd and 4th Saturday 9am-12m,FOODPANTRY,(434)222-4624
DURHAM,D1165,D1165DD,Calvary UMC,304 E Trinity St,Durham,27701,1st Monday of every month at 2:00pm,DIRECT DST,919-688-7138
ORANGE,D1174,D1174DD,Hurdle Mills,1701 Jimmy Ed Rd,Hurdle Mills,27541,"1st Thursday at 9:30AM until, Drive Thru",DIRECT DST,919-357-1994
ORANGE,D1175,D1175DD,Piney Grove Baptist Church,1929 Piney Grove Rd,Hillsborough,27278,1st Friday at 1pm,DIRECT DST,919-939-3186
ORANGE,D1183,D1183DD,Hillsborough SDA Church,1808 NC Hwy 86 N,Hillsborough,27278,3rd Monday at 12,DIRECT DST,919-259-1735
DURHAM,D1188,D1188DD,JEWELS Outreach and Networking,1701 Sherman Ave,Durham,27707,2nd Saturday of Each Month at 11am,DIRECT DST,
ORANGE,D1220,D1220FP,Amity United Methodist Church,825 N Estes Dr,Chapel Hill,27514,2nd and 4th Thursdays 10am-12pm,FOODPANTRY,984-234-0055
ORANGE,D1222,D1222DD,Jones Grove Missionary Baptist Church,2713 Coleman Loop Rd,Hillsborough,27278,Direct Distribution 3rd Saturday of the Month from 8AM to 10AM,DIRECT DST,336-214-9273
ORANGE,D1222,D1222FP,Jones Grove Missionary Baptist Church,2713 Coleman Loop Rd,Hillsborough,27278,Open 3rd Friday of the month by appointment only,FOODPANTRY,(336)214-9273
DURHAM,D1257,D1257FP,One Love Ministries,1315 Horton Rd,Durham,27704,2nd Saturday 11am - 1pm,FOODPANTRY,919.688.2163 ext. 7
ORANGE,D1258,D1258DD,Cedar Grove Community Center,5800 NC Hwy 86 N,Hillsborough,27278,2nd Friday 8:15AM until,DIRECT DST,
ORANGE,D1259,D1259DD,Heavenly Manna,117 Richmond Rd,Efland,27243,"1st Monday, 8am-4pm",DIRECT DST,336-539-5870
DURHAM,D1261,D1261FP,Parktown Food Hub,5123 Revere Rd,Durham,27713,1st Monday of every month at 2:00pm,FOODPANTRY,984.484.8475
CHATHAM,D1263,D1263FP,Bonlee Baptist Church,25 Al Davis Rd,Bear Creek,27213,"2nd Wednesday by appointment please call, 4th Wednesday 8:00AM Drive thru distribution",FOODPANTRY,919-675-8965
ORANGE,D1265,D1265FP,Orange County DSS,113 Mayo St,Hillsborough,27278,"TEFAP only, 4th Thursday of the month by appt contact Melissa Black  (919)245-4354",FOODPANTRY,919-245-2800
VANCE,D1266,D1266FP,Cook's Chapel Church,200 Center St,Henderson,27536,"2nd and 4th Tuesday's 1:00PM, and by appointment",FOODPANTRY,919-939-5549
VANCE,D1267,D1267DD,Saints Delight United Holy Church,540 Bullocksville Park Rd,Manson,27553,4th Thursday Drive through distribution at 8:00AM,DIRECT DST,(252)425-4035
GRANVILLE,D1268,D1268FP,New Hope Granville Missionary Baptist Church,5643 Old Roxboro Rd,Oxford,27565,"2nd Friday 9:00AM - 12:00PM, 4th Saturday from 10:00AM - 12:00PM by appointment, call and leave a message",FOODPANTRY,919- 693-2377
DURHAM,D1273,D1273FP,New Home and Durham Missionary Baptist Association,6611 Guess Rd,Durham,27712,3rd Thursday 9:30am - 11:00am & 4th Tuesday 9:30am - 11:00am,FOODPANTRY,(919) 943-5884
GRANVILLE,D1274,D1274FP,Saint Matthew Missionary Baptist Church,8604 Hwy 96,Oxford,27565,"First Friday 10:00AM to 1:00PM, Third Saturday 12:00PM to 2:00PM",FOODPANTRY,919-482-6368
VANCE,D1290,D1290FP,Turning Point Community Development Corporation,2495 US 1/158 HWY,Henderson,27537,"M,W 1:30PM to 5:30PM, 1st Tuesday 3:00PM to 5:30PM, 1st and 3rd Friday 12:00PM to 5:30PM, Saturdays 10:00AM to 12:00PM",FOODPANTRY,252-915-2683
ORANGE,D1293,D1293FP,Hillside Church Food Pantry,201 Culbreth Rd,Chapel Hill,27516,Distributes on 1st and 3rd Saturdays from 11 to 12PM,FOODPANTRY,(919)967-3056
ORANGE,D1300,D1300FP,Life Point Church Storehouse,121 Orange High School Rd,Hillsborough,27278,"1st,2nd and 4th Saturdays at 12:00PM until",FOODPANTRY,919-638-9700
DURHAM,D1302,D1302FP,Community Health Coalition,308 Crutchfield St,Durham,27704,"Monday and Wednesday 1:00pm - 3:00pm, Tuesday and Thursday 9:30am - 11:30am",FOODPANTRY,919.470.8680
DURHAM,D1304,D1304FP,Dream Seekers/Church of the Apostolic Revival Intl,1207 Angier Ave,Durham,27701,Fridays 10:00am - 11:30am,FOODPANTRY,919-371-8321
ORANGE,D1311,D1311DD,Town of Chapel Hill,2000 Eubanks Rd/Chapel Hill Park and Ride lot,Chapel Hill,27614,2nd and 4th Wed 9:30AM until it runs out,DIRECT DST,
LENOIR,G1002,G1002MFP,Alpha and Omega Church,410 E Washington St,Kinston,28501,1st Monday at 8:30am while supplies last,DIRECT DST,252-522-9991
PITT,G1005,G1005FP,An-Nissa 2,1152 Briley Rd,Greenville,27834,Friday from 1p-3p and 1st and 3rd Sunday 1:15p-3:30p; Calls for emergency,FOODPANTRY,252-931-9039
PITT,G1006,G1006FP,Antioch United Holy Church,2659 Railroad St,Bell Arthur,27811,4th Fridays at 9am & calls for emergencies,FOODPANTRY,252-347-4513
PITT,G1008,G1008FP1,Armor of God Christian Church,2648 Mill St,Winterville,28590,"Thursday and Saturday, 8am-9am",FOODPANTRY,252-689-6590
PITT,G1010,G1010FP,Ayden Christian Care Center,109B N West Ave,Ayden,28513,"1st, 2nd, 4th Fridays 9:00-11:30, close 5th Friday of each month and closed July and August",FOODPANTRY,252-746-2995
GREENE,G1018,G1018FP,Bountiful Blessings House of Redemption Inc,1432 Fort Run Rd,Snow Hill,28580,2nd and 4th Tuesday from 1p-3p,FOODPANTRY,919-345-1285
PITT,G1020,G1020FP,Bread of Life,609 Cannon Blvd,Grifton,28530,2nd Friday and 4th Thursday 6-10am,FOODPANTRY,252-524-4041
PITT,G1023,G1023FP,Catholic Charities- Tar River,1746 Union St,Greenville,27834,Tuesday from 10a-3:30pm & emergency calls,FOODPANTRY,252-355-5111
WILSON,G1024,G1024FP,Christ Deliverance Tabernacle,413 E Pender St,Wilson,27893,3rd Wednesday's at 8am and by emergency,FOODPANTRY,252-292-1569
NASH,G1025,G1025FP,Christian Fellowship Homes,301 S Grace St,Rocky Mount,27804,M W F from 4p-4:30p,FOODPANTRY,252-977-1273
PITT,G1027,G1027FP1,Churches Outreach Network,101 W. 14th St,Greenville,27834,Call-in Appointments; Monday through Friday from 9a-8p,FOODPANTRY,252-717-9600
PITT,G1027,G1027FP3,Churches Outreach Network,2921 Briery Swamp Rd,Stokes,27884,"4th Monday, Wednesday, Friday 10:00am-12:00pm",FOODPANTRY,252-413-9713
PITT,G1027,G1027FP4,Churches Outreach Network,1610 W 10th St,Greenville,27834,2nd Tuesday 8am-10am,FOODPANTRY,252-902-5061
LENOIR,G1027,G1027FP5,Churches Outreach Network,306 W King St,LaGrange,28551,3rd Thursday 10a-1p,FOODPANTRY,252-347-1984
PITT,G1036,G1036FP,Emmanuel Community Unison Baptist Church,3501 Speight Seed Farm Rd,Winterville,28590,Every Tuesday/Friday at 12:30pm,FOODPANTRY,252-756-0094
LENOIR,G1037,G1037FP,Faith Developmental Community,655 Sussex St,Kinston,28501, 2nd & 4th Thursdays 1-2pm; TEFAP 3rd Friday 9a-11a,FOODPANTRY,252-686-2859
LENOIR,G1037,G1037MFP,Faith Developmental Community,655 Sussex St,Kinston,28504,3rd Fri 9-11,DIRECT DST,252-806-0026
LENOIR,G1039,G1039FP,First Missionary,201 N Caswell St,LaGrange,28551,Tuesdays/Fridays 2:00pm and emergency food calls to church,FOODPANTRY,252-566-3881
PITT,G1041,G1041FP1,Freedom Family Foundation Inc,"313 Clifton St, Suite B",Greenville,27585,"Monday - Thursday from 10 am - 3pm. By appointment only, call ahead for scheduling",FOODPANTRY,252-283-0171 ext. 101
LENOIR,G1044,G1044FP,Greater St Peter,886 Will Baker Rd,Kinston,28504,4th Friday at 9:30am and emergency calls,FOODPANTRY,252-520-0010
GREENE,G1045,G1045FP,Greene County Interfaith,412 Kingold Blvd,Snow Hill,28580,"1st and 3rd Thursday, 10 am- 1 pm. Drive through. Delivery available.",FOODPANTRY,252-747-1040 / 252-747-1091
PITT,G1048,G1048FP,Grifton Mission Ministries,6499 N Highland Blvd,Grifton,28530,Mondays & Thursdays 9:30am-3:00pm,FOODPANTRY,252-531-1931
LENOIR,G1050,G1050FP,Hands for Humanity CDC,1009 E Bright St,Kinston,28501,Mon-Sat 9AM-12PM,FOODPANTRY,252-523-0871
HALIFAX,G1053,G1053FP,Hobgood Citizens Group,401 Beech St,Hobgood,27843,1st Friday's 11am-4pm and by phone,FOODPANTRY,252-813-3126
HALIFAX,G1057,G1057MFP,Ivory Hill Baptist Church,4505 Medoc Mountain Rd,Enfield,27850,4th Tuesday 11am,DIRECT DST,252-445-2562
PITT,G1058,G1058FP,Joseph Provisions,703 Howell St,Greenville,27834,1st Thursday & 3rd Saturday (TEFAP) from 10a-12p,FOODPANTRY,252-714-3296
WILSON,G1060,G1060FP,Kairos Church Ministry,1003 S Lodge St,Wilson,27893,4th Sat at 8am | calls for emergency food,FOODPANTRY,252-315-2932
PITT,G1062,G1062FP,Kingdom Care Inc,1701 Staton Mill Rd,Greenville,27836,3rd Saturday 10a-12p and calls,FOODPANTRY,252-758-1701
PITT,G1064,G1064FP,Koinonia Christian Center,1405 SW Greenville Blvd,Greenville,27835,2nd Tuesday 12-2pm/4th Wed from 7:30a-9a (TEFAP)/Monday-Friday from 8a-5p ,FOODPANTRY,252-268-6195
EDGECOMBE,G1066,G1066FP,Living Waters Ministries of,7421 US Hwy 258 S,Pinetops,27864,3rd Saturday 8am-9am,FOODPANTRY,252-382-3754
PITT,G1072,G1072FP,Mount Calvary Grace and Mercy Street Ministry,411 Watauga Ave,Greenville,27834,4th Saturday 9am-12pm,FOODPANTRY,252-758-2532
PITT,G1073,G1073MFP,NEEDS Center,9243 W. Marlboro Rd,Farmville,27828,3rd Monday at 10a-12pm,DIRECT DST,
PITT,G1075,G1075FP,Mt Moriah Community Church,4329 Anderson Ave,Farmville,27828,2nd and 4th Thursday from 10a-12p,FOODPANTRY,252-565-4333
GREENE,G1080,G1080MFP,Optimal Beginnings Inc,369-B Hwy 13 S,Snow Hill,28580,4th Tuesday at 3p,DIRECT DST,252-747-3009
PITT,G1081,G1081FP,Paradise Christian Center,908 W Star St,Greenville,27834,Every Tuesday at 11:30am-12:30pm,FOODPANTRY,252-355-0300 Ext 304
PITT,G1082,G1082FP,Pentecostal Temple,2753 W 5th St,Greenville,27834,every Thursday 2p-4p,FOODPANTRY,(252)258-2633
EDGECOMBE,G1086,G1086FP,"Regeneration Development Group, Inc",105 SW 1st St Suite D,Pinetops,27864,3rd Tuesday 9am-12pm,FOODPANTRY,252-227-3991
PITT,G1087,G1087FP,Rose Hill Free Will Baptist,6236 County Home Rd,Winterville,28590,By appointment only,FOODPANTRY,252-746-2415
PITT,G1089,G1089FP,Saints Delight Church of God in Christ,593 US-64-Alternate W,Bethel,27812,"4th Thursday from 9a-12p (TEFAP), 4th Wednesday 9a-11a",FOODPANTRY,252-695-0486
PITT,G1090,G1090FP,Salem United Methodist Church,785 McDonald St,Simpson,27879,1st and 3rd Sat at 10a-12p,FOODPANTRY,252-752-1273
PITT,G1092,G1092FP,Salvation Army-Greenville,2718 S Memorial Dr,Greenville,27834,"2nd & 4th Thursdays 2:00pm, Drive-thru",FOODPANTRY,252-756-3388
PITT,G1094,G1094FP,Senior Home Care Services Inc,1001 Hooker Rd,Greenville,27834,2nd & 4th Thursdays 10am-until,FOODPANTRY,252-756-4869
PITT,G1097,G1097FP,Saint James United Methodist,2006 E 6th St,Greenville,27858,2nd/4th Saturdays 9:00am-10:00am,FOODPANTRY,252-752-6154
PITT,G1098,G1098FP,Saint Paul's Episcopal Church,401 E Fourth St,Greenville,27858,Thurs 1-3,FOODPANTRY,252-752-3482
PITT,G1099,G1099FP,Saint Peter Catholic Church,2700 E 4th St,Greenville,27834,every other Tues 10a.m.-12p.m. (sharp),FOODPANTRY,252-757-3259
WILSON,G1100,G1100MFP,Saint Marks/ La Guadalupana,106 Reid St SE,Wilson,27893,3rd Monday 9-11am and by emergency,DIRECT DST,252-206-9996
WILSON,G1101,G1101FP,Saint Paul Church of Christ,4009 Lake Wilson Rd,Wilson,27896,2nd Friday and 4th Friday at 8 am and emergency calls during the week,FOODPANTRY,252-717-8106
PITT,G1102,G1102FP,Saint Peter's Development Center,1295 E Mumford Rd,Greenville,27834,2/4 Saturday 9a-11a,FOODPANTRY,252-227-1114
PITT,G1103,G1103FP,Staton Mill Road Community,1251 Fleming School Rd,Greenville,27834,4th Friday 5p-7p,FOODPANTRY,252-327-8208
PITT,G1105,G1105FP,Straightway Church,627 Boulevard St,Ayden,28513,Monday through Friday from 2:30p-5:30p,FOODPANTRY,252-746-8565
WILSON,G1107,G1107FP,Tabernacle of God Community,6326 Speight School Rd,Wilson,27893,3rd Saturday 8am-10am,FOODPANTRY,252-315-2249
EDGECOMBE,G1108,G1108FP,Tarboro Community Outreach,701 Cedar Ln,Tarboro,27886,Mon-Thursday 12pm-1pm; Friday 8am-11am,FOODPANTRY,252-823-8801
EDGECOMBE,G1108,G1108MFP,Tarboro Community Outreach,701 Cedar Ln,Tarboro,27886,3rd Tuesday 10a-1p,DIRECT DST,252-823-8801
PITT,G1111,G1111FP,The Anointed Ones Church,4271 N Edge Rd,Ayden,28513,"Mon-Tues 11:30am-12:15pm, Thurs 10a-12p & 1p-4p, Fri 11:30am-12:15pm & Sat. 9am-11am",FOODPANTRY,
PITT,G1112,G1112FP,The Memorial Baptist Church,1510 Greenville Blvd SE,Greenville,27858,"2nd & 4th Tuesdays 1:00pm-2:00pm, Drive-thru",FOODPANTRY,252-714-7373
HALIFAX,G1114,G1114FP,The Way of the Cross Outreach,64 Craigmont Ave,Roanoke Rapids,27870,3rd Sat. 8am-10am,FOODPANTRY,252-535-1276
HALIFAX,G1116,G1116FP,Twilight Missionary Baptist,1781 Aurelian Springs Rd,Weldon,27839,Wednesday after the 2nd Tuesday 9am-12pm and by emergency,FOODPANTRY,252-326-6212
HALIFAX,G1117,G1117FP,"Union Mission, Inc",1310 Roanoke Ave,Roanoke Rapids,27870,Monday - Thursday from 1pm-2pm.,FOODPANTRY,252-537-3372
HALIFAX,G1117,G1117SH,"Union Mission, Inc",1310 Roanoke Ave,Roanoke Rapids,27870,7 days/week and 24 hours per day,SHELTER,252-537-3372
GREENE,G1119,G1119FP,Victory & Dominion,1438 Hwy 13,Snow Hill,28580,1st/3rd Tuesday from 2p-4p and calls,FOODPANTRY,252-367-6527
WILSON,G1123,G1123FP,Wilson County Interfaith,309 Goldsboro St,Wilson,27893,"M, W, F 9-11:30 curbside only",FOODPANTRY,252-291-7278
WILSON,G1123,G1123MFP,Wilson County Interfaith,311 Nash St W,Wilson,27893,Every 3rd Thursday at 9a-11:30a,DIRECT DST,252-291-7278
WILSON,G1123,G1123SH,Wilson County Interfaith,309 Goldsboro St,Wilson,27893,24 hrs,SHELTER,252-291-7278
PITT,G1124,G1124FP,Word of Truth,7227 Stantonsburg Rd,Farmville,27828,Fridays 1pm-6pm (Except 5th Fridays),FOODPANTRY,252-341-9949
LENOIR,G1126,G1126FP,You Need Help Outreach,109 W Rail Road Rd,LaGrange,28551,Wednesdays from 10-11am,FOODPANTRY,
LENOIR,G1126,G1126MFP,You Need Help Ministry,109 W Rail Road Rd,LaGrange,28551,Wednesdays from 10-11am,DIRECT DST,919-591-1968
PITT,G1219,G1219FP,Spirit & Truth Worship Center,1512 N Greene St,Greenville,27834,Sundays from 1:30-3p,FOODPANTRY,252-367-9081
WILSON,G1225,G1225FP,Love N Action Outreach Inc.,4036 Ward Blvd,Wilson,27893,"4th Tuesday, 10 am- 12 pm, Monday after 4th Tuesday at 10am",FOODPANTRY,252-406-2872
PITT,G1233,G1233FP,Zion Chapel Food Pantry,377 Planters St,Ayden,28513,Every Wednesday 10a-12p,FOODPANTRY,252-253-8229
EDGECOMBE,G1237,G1237FP,House of Resurrection,102 S King St,Whitakers,27891,"Monday, Wednesday 1-3pm; Wednesday evenings 5-6pm",FOODPANTRY,252-822-2442
PITT,G1245,G1245FP3,MrCharity Inc. DBA Beast Philanthropy,811 Howell St,Greenville,27834,every other Thursday 3:30pm,FOODPANTRY,
PITT,G1245,G1245FP4,MrCharity Inc. DBA Beast Philanthropy,4839 School Rd,Grimesland,27837,every other Saturday 11:00am-12:00pm,FOODPANTRY,
WILSON,G1246,G1246FP,Rhema Word Christian Center/Wilson,1503 Black Creek Rd,Wilson,27893,Every Tuesday 4-6pm,FOODPANTRY,252-674-1593
PITT,G1247,G1247FP,Last Days Tabernacle,504 C Dexter St,Greenville,27834,Thursdays 12pm-2pm,FOODPANTRY,252-917-4050
PITT,G1249,G1249FP,Triumph Missionary Baptist Church,7874 US Highway 264 E,Washington,27889,1st Wed/3rd Sat 10:00am-11:15am,FOODPANTRY,252-947-0225
PITT,G1252,G1252FP,Cornerstone Missionary Baptist Church,1095 Allen Rd,Greenville,27834,2nd Tuesday 3pm-6:30pm 4th Saturday 10am-2pm,FOODPANTRY,
LENOIR,G1253,G1253FP,Macedonia Church of Lenoir County,648 Albrittons Rd,Kinston,28504,"1st Saturday, 3rd Wednesday 10AM-12PM",FOODPANTRY,252-527-0896
PITT,G1254,G1254FP,Greater Judah Corporation,2047 S Park Dr Ste C,Winterville,28590,1st/3rd Tuesdays 12pm-2pm,FOODPANTRY,
WILSON,G1259,G1259FP,NC Seeds of Love,1100 Downing St,Wilson,27893,2nd Monday at 8am; 4th Monday at 11am,FOODPANTRY,919-920-9961
WILSON,G1260,G1260FP,Wilson Chapel Free Will Baptist Church,513 Barnes St S,Wilson,27893,3rd Saturdays 12pm-2pm,FOODPANTRY,252-289-6479
PITT,G1261,G1261FP,First Christian Church,3776 S. Main St,Farmville,27828,"Deliveries to senior center on Thursdays, weekly MOW grocery delivery",FOODPANTRY,
ONSLOW,N1001,N1001FP,Abundant Life International,1518 Gum Branch Rd,Jacksonville,28540,"3rd&1st Friday at 1pm. Pantry is open for walkins on Tuesday 10-12, 2nd and 4th Sat 10-12",FOODPANTRY,910-455-3888 (public)
CRAVEN,N1002,N1002FP,Abundant Life Miracle Center,1901 Garden St,New Bern,28560,2nd Tuesday 11am,FOODPANTRY,(252) 633-3376
CRAVEN,N1002,N1002MFP,Abundant Life Miracle Center,1901 Garden St,New Bern,28560,2nd Tuesday 11am,DIRECT DST,(252) 633-3376
CRAVEN,N1004,N1004FP,Adelphia CDC Inc - Piney Grove AME Zion Church,1430 Temples Point Rd,Havelock,28532,1st & 3rd Wednesday @ 12pm,FOODPANTRY,252-447-1600
CRAVEN,N1004,N1004FP2,Adelphia CDC Inc - Midway Park,801 Freedom Way,Hubert,28539,"Food distribution is held on the 1st and 3rd Thursday of each month, beginning at 9 AM, and continues until supplies run out.",FOODPANTRY,910-238-2389
PAMLICO,N1004,N1004MFP2,Adelphia CDC Inc - St Mark,511 Water Rd,Bayboro,28515,"Food distribution is held on the 4th Tuesday of each month, beginning at 10:30 AM, and continues until supplies run out.",DIRECT DST,910-238-2389
CRAVEN,N1004,N1004MPF3,Adelphia CDC Inc - Wesley Chapel,1696 Tuscarora Rd,New Bern,28561,"Food distribution is held on the 4th Tuesday of each month, beginning at 1:00 PM, and continues until supplies run out.",DIRECT DST,910-238-2389
CRAVEN,N1006,N1006FP,Antioch Community Outreach Inc,762 Antioch Rd,New Bern,28560,2nd Wednesday from 3pm-6pm/Emergency as needed 252-514-1567,FOODPANTRY,252-617-9064
CRAVEN,N1011,N1011FP,Word of God Christian Center,3650 Neuse Blvd,New Bern,28560,1st and 3rd Saturday at 9am,FOODPANTRY,252-638-3474
CARTERET,N1014,N1014FP,Calvary Baptist Church,1700 Live Oak St,Beaufort,28516,Monday 10am-2pm,FOODPANTRY,252-504-0123/252-838-9035
CARTERET,N1014,N1014MFP,Calvary Baptist Church,1219 Island Rd,Harkers Island,28531,4th Thursday at 1pm,DIRECT DST,252-504-0123/252-838-9035
ONSLOW,N1024,N1024MFP,First United Methodist Church,305 Lake Side Dr,Sneads Ferry,28460,"3rd Monday, 10AM",DIRECT DST,
ONSLOW,N1026,N1026FP,Folkstone Original Free Will,133 Old Folkstone Rd,Holly Ridge,28445,Monday & Wednesday (Weekly) 10AM-11AM,FOODPANTRY,910-358-7510
CARTERET,N1030,N1030FP,God's City of Refuge Inc,953 Hibbs Rd,Newport,28570,Second and Fourth Thursdays of the month from 10-12 noon,FOODPANTRY,252-726-8424
CRAVEN,N1031,N1031FP,Havelock Cherry Point,925 E Main St Ste 20,Havelock,28532,"Monday, Tues, Wed, and Friday from 10a-12p and 1p-2p",FOODPANTRY,252-447-5190
ONSLOW,N1034,N1034FP,Iglesia de Dios Pentecostal,1042 Country Club Rd,Jacksonville,28546,Thursday 9-11,FOODPANTRY,910-526-1202
ONSLOW,N1038,N1038FP,JT Kerr Memorial Baptist,150 LP Willingham Pkwy,Jacksonville,28540,Tuesday & Saturday 9AM-1PM,FOODPANTRY,
CARTERET,N1040,N1040FP,Lighthouse Community Church,2015 US Hwy 70 E,Stacy,28581,2nd and 4th Saturday of each month  10:00 am - 12:00 pm,FOODPANTRY,252-241-8687
CARTERET,N1040,N1040MFP,Lighthouse Community Church,146 School Dr,Atlantic,28511,1st Tuesday 10AM -12PM,DIRECT DST,252-225-7702
CRAVEN,N1041,N1041FP,Living Bread Holiness Church,1116 Glenburnie Rd,New Bern,28561,"Tuesday, Thursday & Friday 12PM-4PM & Saturday 10AM-2PM",FOODPANTRY,252-671-2547
CRAVEN,N1041,N1041MFP,Living Bread Holiness Church,1116 Glenburnie Rd,New Bern,28561,1st Friday at 10AM,DIRECT DST,252-671-2547
CARTERET,N1044,N1044FP,Martha's Mission Cupboard,901 Bay St,Morehead City,28557,"M, W, F 10:30a-3:00p",FOODPANTRY,252-726-1717
JONES,N1045,N1045MFP,Maysville Methodist Church,804 Foy Ave,Maysville,28555,3rd Monday at 9AM,DIRECT DST,910-333-0453
ONSLOW,N1047,N1047FP,"Mt Carmel Helps, Inc",2734 Commerce Rd,Jacksonville,28540,Monday-Sunday 10AM-7PM,FOODPANTRY,910-265-2609
CRAVEN,N1050,N1050FP,Bear Paws Food Pantry,4200 Academic Dr,New Bern,28562,"M-F, 8am-3pm. Students/families of NBHS ONLY",FOODPANTRY,252-514-6041
JONES,N1053,N1053MFP,New Hope Community Outreach,504 Main St,Maysville,28555,Every 2nd Thursday at 9am,DIRECT DST,910-581-9390
ONSLOW,N1056,N1056FP,Onslow Community Outreach,1210 Hargett St,Jacksonville,28540,"Thursday (weekly) - Lines begins around 7AM, distribution begins aat 9:30AM/10AM",FOODPANTRY,910-455-5733
ONSLOW,N1056,N1056MFP,Onslow Community Outreach,1210 Hargett St,Jacksonville,28540,"2nd & 4th Monday - Line begins around 7AM, distribution starts 9:30AM/10AM (Drive-Up)",DIRECT DST,910-455-5733
ONSLOW,N1056,N1056SH,Onslow Community Outreach,1210 Hargett St,Jacksonville,28540,Shelter intake by appointment only. Call 910-238-4025 ,SHELTER,910-455-5733
ONSLOW,N1056,N1056SK,Onslow Community Outreach,1210 Hargett St,Jacksonville,28540,M-F 11am-12pm,SOUP KITCH,910-455-5733
ONSLOW,N1058,N1058FP,Open Door Management Inc,1675 Halltown Rd,Jacksonville,28546,"Thursday 9-12, second Friday 9-12 (TEFAP)",FOODPANTRY,910-938-3855 ext.10
ONSLOW,N1058,N1058MFP,Open Door Management Inc,1675 Halltown Rd,Jacksonville,28546,Every 2nd Friday at 9a,DIRECT DST,910-577-4175
PAMLICO,N1059,N1059FP,Pamlico County Fishes & Loaves,108 Straight Rd,Oriental,28571,"1st Friday 5:30pm-7pm | 1st, 2nd & 3rd Tuesday and Thursday 11am-1pm",FOODPANTRY,252-249-6181
PAMLICO,N1059,N1059MFP,Pamlico County Fishes & Loaves,1149 White Farm Rd,Oriental,28571,1st Wednesday at 9:30AM,DIRECT DST,252-249-6181
PAMLICO,N1062,N1062FP,Reelsboro United Christian Services,51 Holland Dr,New Bern,28560,2nd Wed 10-12,FOODPANTRY,(252) 745-3266
CRAVEN,N1063,N1063FP,Religious Community Services,919 George St,New Bern,28560,Monday to Friday 9AM-4PM - By appointment for Clients served within the last 3 months - walk-ins available for new clients or those not served within the last 3 months,FOODPANTRY,
CRAVEN,N1063,N1063MFP,Religious Community Services,114 Trade Ave,Havelock,28532,1st Wednesday 5:30pm-7:30pm,DIRECT DST,
PAMLICO,N1063,N1063MFP2,Religious Community Services,313 Main St ,Bayboro,28515,3rd Wednesday 5:30pm-7:30pm,DIRECT DST,
CRAVEN,N1063,N1063SH,Religious Community Services -Shelter,919 George St,New Bern,28560,M-Sun 3pm-7am,SHELTER,
CRAVEN,N1063,N1063SK,Religious Community Services,919 George St,New Bern,28560,Lunch served Mondays to Saturdays from 10:30AM to 11:45AM | Breakfast served Sundays at 9AM,SOUP KITCH,
ONSLOW,N1064,N1064FP,Richlands Community Outreach,8701 Richlands Hwy,Richlands,28574,"M, T, Th, F 10a-2p; Sat 9a-3p",FOODPANTRY,910-324-6586
ONSLOW,N1064,N1064MFP,Richlands Community Outreach,9103 Richlands Hwy,Richlands,28574,Every 1st Monday at 11a,DIRECT DST,910-324-6586
CARTERET,N1065,N1065FP,Salvation Army Carteret Co,2800 Bridges St,Morehead City,28557,Monday through Friday from 9a-5p,FOODPANTRY,252-726-7147
ONSLOW,N1067,N1067FP1,Salvation Army-Jacksonville,461 Center St,Jacksonville,28546,Monday - Friday 1PM to 3PM,FOODPANTRY,910-333-0453
ONSLOW,N1067,N1067MFP,Salvation Army-Jacksonville,121 Stillwood Dr,Jacksonville,28540,"4th Wednesday at 9am, distribution after",DIRECT DST,910-333-0453
ONSLOW,N1067,N1067MFP2,Salvation Army-Jacksonville,1310 Hargett St,Jacksonville,28540,2nd Tuesday at 10AM,DIRECT DST,910-333-0453
JONES,N1068,N1068FP,Salvation Army-Maysville,804 Foy Ave,Maysville,28555,3rd Monday at 9am,DIRECT DST,910-743-0126
CRAVEN,N1069,N1069FP,Salvation Army-New Bern,1402 Rhem Ave,New Bern,28560,Tuesday & Wednesday 1PM to 3pm - First come first serve - valid ID required. ,FOODPANTRY,252-637-2277
CARTERET,N1074,N1074FP,Saint James Methodist Church,1007 Orange St,Newport,28570,"Monday and Thursday from 9-11, 1007 Orange St, Newport",FOODPANTRY,
CARTERET,N1074,N1074MFP,Saint James Methodist Church,801 Mann St ,Newport,28570,3rd Friday at 1PM,DIRECT DST,252-223-4727
CRAVEN,N1076,N1076FP,Tabernacle Baptist Church,616 Broad St,New Bern,28560,Monday 2pm,FOODPANTRY,404-915-1148
CRAVEN,N1077,N1077FP,Feed Craven,3317 US Hwy 70 E,New Bern,28560,2nd & 4th Friday Registration 5PM-6PM Food Distribution at 7PM ,FOODPANTRY,252-349-0787
CARTERET,N1078,N1078FP,The Storehouse Pantry,3114 Bridges St,Morehead City,28557,"Monday, Tuesday & Wednesday 10AM-1PM - Other days by appointment, Call 252-725-5539",FOODPANTRY,252-725-5539
CRAVEN,N1083,N1083FP,Vanceboro Christian Help Center,411 White St,Vanceboro,28586,"Every Monday, Wednesday & Friday from 8-12:30",FOODPANTRY,252-244-1141
CARTERET,N1084,N1084FP,Wildwood Presbyterian Church,276 Wildwood Rd,Newport,28570,Thursday 8:30AM to 9:30AM,FOODPANTRY,252-726-9118
JONES,N1093,N1093FP,The Filling Station,221 Main St,Pollocksville,28573,"Tuesdays and Thursdays, 9am-1pm",FOODPANTRY,252-224-1127
JONES,N1098,N1098FP,Jones County Community Hope,432 1st Ave,Trenton,28585,Wednesday at 4PM – Drive-Thru,FOODPANTRY,252-670-7093
CRAVEN,N1101,N1101SK,The Gathering Place,114 Trader Ave,Havelock,28532,Free hot meals served Thursday weekly 11:30am-1pm,SOUP KITCH,252-515-1080
JOHNSTON,R1001,R1001FP,A Touch From Above Faith,654 Main St,Wilson Mills,27593,"1st & 3rd Tuesday 6pm-7pm, Saturdays for Emergency call ins",FOODPANTRY,919-938-0073
NASH,R1002,R1002FP,A Touch of the Father's Love Inc,5193 Momeyer Way,Nashville,27856,Monday Wednesday Friday 9am-12pm,FOODPANTRY,252-377-2209
NASH,R1003,R1003FP,Abundant Life Ministries,734 Falls Rd,Rocky Mount,27804,2nd Saturday 7:30am-9:30am and by emergency,FOODPANTRY,252-452-1317
WAKE,R1010,R1010FP,Alliance of AIDS Services,3109 Poplarwood Ct Ste 200,Raleigh,27604,"TWTh by appointment, Fridays Walk-ins accepted 10:00 am - 12:00 pm",FOODPANTRY,919-834-2437
EDGECOMBE,R1011OTH2,R1011OTH2,An Elegant Affair,101 S Tarboro St Ste 513,Rocky Mount,27801,Every Saturday all day by appointment,OTHER FP,704-750-5227
HARNETT,R1012,R1012FP,Angier Area Food Pantry,455 W Depot St,Angier,27501,Tues & Thurs 10:30-11:30,FOODPANTRY,919-438-3313
NASH,R1014,R1014FP,Apostolic Faith Church,300 Cedar St,Rocky Mount,27803,Every Monday Wednesday 11am-11:45am,FOODPANTRY,252-977-6200
WILSON,R1020,R1020FP,Family Food Basket,6321 Old Raleigh Rd,Sims,27880,Tues & Thur 10am-2pm,FOODPANTRY,252-674-0093
WAKE,R1021,R1021FP,Baptist Grove,7109 Leesville Rd,Raleigh,27613,2nd & 4th Saturday 10:00 am - 11:00 am,FOODPANTRY,919-787-4528
JOHNSTON,R1024,R1024FP,Benson Area Ministerial,1204 N Johnson St,Benson,27504,1st & 3rd Wed 9-11,FOODPANTRY,919-880-2167
WAKE,R1026,R1026FP,Bethlehem Baptist Church,7215 Six Forks Rd,Raleigh,27615,Tues & Thurs 11:00 am - 2:00 pm,FOODPANTRY,919-847-5219
WAYNE,R1029,R1029FP,Blood of the Lamb Church,1100 The First Church Rd,Goldsboro,27534,Sundays and 4th Tuesdays 8:30-11am ,FOODPANTRY,919-736-7536
LEE,R1032,R1032SK,Bread Basket/Sanford Soup,140 E Chisholm St,Sanford,27331,M-F/11a-12:30p,SOUP KITCH,919-774-3118
LEE,R1033,R1033FP,Bread of Life Ministries,219 Maple Ave,Sanford,27330,"Thurs 12-4, Emergency Tues 10-12, Sat 11-12",FOODPANTRY,919-427-8889
JOHNSTON,R1037,R1037FP,Building 323,73 Wilder Rd,Middlesex,27557,Every Monday 5:00-6:30pm,FOODPANTRY,919-269-9207
WILSON,R1039,R1039FP,By Faith Church,4667 Evansdale Rd,Wilson,27893,2nd Friday 10:30am-12pm and by emergency,FOODPANTRY,252-205-5965
WAKE,R1041,R1041FP,Capital Pentacostal Church,1308 US-70,Garner,27529,"T, TH 9-12",FOODPANTRY,919-772-5919
FRANKLIN,R1044,R1044FP,"Care and Share, Inc.",110 Industrial Dr,Louisburg,27549,"Wed 8:30-12; Emergency, call 919-496-5721 for appt.8-5",FOODPANTRY,919-496-5721
WAKE,R1048,R1048FP,Catholic Parish Outreach,2013 N Raleigh Blvd,Raleigh,27604, M/W/Th/F/Sa 9 am – 12 pm,FOODPANTRY,919-873-0245
JOHNSTON,R1056,R1056FP,Christ Community United,1082 Amelia Church Rd,Clayton,27520,Every 2nd Saturday 9am-12pm,FOODPANTRY,919-553-9770
LEE,R1058,R1058FP,Christian Faith Ministries,3110 Cameron Dr,Sanford,27330,Tuesdays 9am by appointment call agency for appointment,FOODPANTRY,919-775-1311 church
LEE,R1060,R1060FP,Christians United Outreach Center of Lee County,2885 Lee Ave,Sanford,27330,M 4:00p-6:00p W&F 12:00p-2p,FOODPANTRY,919-774-8485
WAKE,R1061,R1061FP,Church of God of Prophecy,5005 Western Blvd,Raleigh,27606,Fridays 10:00 am -1:30 pm,FOODPANTRY,919-851-8507
WAKE,R1062,R1062FP,Church of God-Sermon del Monte,6105 Fayetteville Rd,Raleigh,27603,"Tuesday 6:30- 7:30 pm, 2nd Saturday 8 am- 11 am",FOODPANTRY,919-995-1270
JOHNSTON,R1066,R1066FP,Clayton Area Ministries,780 Durham St,Clayton,27520,Mon-Fri 1pm-3pm,FOODPANTRY,919-553-5654
SAMPSON,R1068,R1068DD,Clinton (St. Stephens Church),207 W Lee St,Clinton,28328,1st and 3rd Thursday 9-11:30am,DIRECT DST,910-385-5646
WAKE,R1073,R1073FP,Community Helpers Service,111-B N First Ave,Knightdale,27545,"M-T-F: 10:00 am - 12:00 pm,  W & F: 8:00 am - 12:00 PM",FOODPANTRY,919-266-4050
WAKE,R1074,R1074FP,Community of Hope Ministries,601 St Mary's St,Garner,27529,"Tuesday & Thurs 11:00 -12:00 pm, 3rd Thursday 6pm -7pm",FOODPANTRY,919-779-6679 Ext 230
WAKE,R1075,R1075FP,Comunidad Cristiana Hosanna,204 Shelden Dr,Raleigh,27610,"1st and 3rd Friday, 10 am ; Every Wednesday, 10 am- 12 pm",FOODPANTRY,732-309-4982
HALIFAX,R1076,R1076FP,Concerned Citizens Of Tillery,321 Community Center Rd,Tillery,27887,Every Tues 11:30am-12:30pm,FOODPANTRY,252-826-3017
WAKE,R1078,R1078FP,Covenant Life Church,555 SW Maynard Rd,Cary,27511,"Tuesday, Wednesday, and Thursday  4pm-5:45pm",FOODPANTRY,919-615-1122
WAKE,R1079,R1079FP,Crabtree Valley Baptist Church,4408 Lead Mine Rd,Raleigh,27622,Wednesday 9am - 12pm,FOODPANTRY,919-781-5345
WAKE,R1103,R1103FP,Dorcas Ministries,187 High House Rd,Cary,27511,Mon-Sati 9 am-3pm,FOODPANTRY,919-469-9861
DUPLIN,R1107,R1107FB5,"Duplin Christian Outreach, Faith by Grace",2635 S NC Hwy 11,Rose Hill,28466,1st and 3rd Friday's 11am-12pm,FOODPANTRY,
DUPLIN,R1107,R1107FP1,Duplin Christian Outreach - Helping Hands,205 W Main St,Wallace,28466,Tuesdays and Thursdays 9am-12:00pm,FOODPANTRY,910-285-6000
DUPLIN,R1107,R1107FP3,Duplin Christian Outreach,314 E Church St,Rose Hill,28548,1st Tuesday and 3rd Tuesday noon-1pm,FOODPANTRY,910-289-2449
DUPLIN,R1107,R1107FP6,Duplin Christian Outreach Ministries- Snow Hill,1224 Red Hill Rd,Mt. Olive,28366,2nd & 4th Saturday's monthly 9-10am,FOODPANTRY,
DUPLIN,R1109,R1109FP,East Duplin Christian Outreach,111 S Old Chinquapin Rd,Beulaville,28518,Monday and Friday's 10am-4pm & Tuesdays 12pm-4pm,FOODPANTRY,917 533 0575
JOHNSTON,R1114,R1114FP1,Edgerton Memorial UMC,401 W Anderson St,Selma,27576,Thursdays 8:30am-11:00am,FOODPANTRY,919-965-3761
WAKE,R1117,R1117FP,Emmanuel Hispanic Pentecostal,4119 Rock Quarry Rd,Raleigh,27610,3rd  Fridays 9am-12pm,FOODPANTRY,919-523-4167
WAKE,R1122,R1122FP,Faith Missionary Baptist,908 Suffolk Blvd,Raleigh,27603,1st & 3rd Wed 10:30-12:00 pm,FOODPANTRY,919-601-7603
JOHNSTON,R1123,R1123FP1,Faith Tabernacle Ministry,591 Guy Rd,Clayton,27520,3rd Saturday at 10am,FOODPANTRY,919-928-1363
HALIFAX,R1129,R1129FP,Fidelity Baptist Church,PO Box 273,Littleton,27850,Every Wednesday 1-2pm; every 4th Tuesday 10am-11am,FOODPANTRY,252-676-9156
WAYNE,R1130,R1130FP,First Assembly of God Church,3000 Summit Rd,Goldsboro,27534-8701,"2nd and 4th Saturdays, 10am -12pm",FOODPANTRY,919-778-7577
JOHNSTON,R1131,R1131FP,First Baptist Church of Smithfield,202 S Fourth St,Smithfield,27577,Thursday 5-7 pm,FOODPANTRY,919-934-1601
WAKE,R1133,R1133FP,First Cosmopolitan MBC,1515 Cross Link Rd,Raleigh,27610,"2nd, 3rd & 4th Tue from, 1pm - 4pm",FOODPANTRY,919-691-7528
JOHNSTON,R1134,R1134FP,First Missionary Baptist Church,40 Durant Rd,Wilson's Mill,27593,"Monday, Tuesday, & Wednesday by delivery, call for information ",FOODPANTRY,919-418-2843
WAKE,R1156,R1156FP,Fuquay-Varina Emergency,216 W Academy St,Fuquay-Varina,27526,"Tues 9-11:45, Thurs. 3:00pm-5:45pm",FOODPANTRY,919-552-7720
EDGECOMBE,R1161,R1161FP,Gibraltar the Remnant Church,809 W Country Club Dr,Tarboro,27886,First Saturday at 9am and by emergency appointment,FOODPANTRY,252-563-5471
HARNETT,R1162,R1162FP,Glad Tiding Church Inc,323 E Broad St,Dunn,28334,"2nd Tues 10am-2pm, 4th Tues 3pm-6pm",FOODPANTRY,910-658-7574
WILSON,R1163,R1163FP,Glad Tidings Gospel Church,4422 US Hwy 301 S,Wilson,27893,1st & 3rd Monday 9:15am; 2nd & 4th Wednesday at 9am,FOODPANTRY,252-292-2279
JOHNSTON,R1168,R1168FP,Good News Buenas Nuevas,2176-D US 70 A Hwy,Pine Level,27568,Wednesdays 1:30-5pm / 2nd & 4th Thursdays 1:30 - 5pm,FOODPANTRY,919-617-2108
NASH,R1170,R1170FP1,Greater Joy Missionary Baptist,820 Nashville Rd,Rocky Mount,27803,2nd & 4th Mondays 12pm-2pm,FOODPANTRY,410-215-8518
HALIFAX,R1170,R1170FP2,Greater Joy North,1711 E 10th St,Roanoke Rapids,27870,1st Friday of the month 10am and 10am-2pm M-F as needed,FOODPANTRY,252-904-7342
NASH,R1170,R1170FP3,Greater Joy Missionary Baptist Church,2355 Leggett Rd,Rocky Mount,27803,every Friday 1pm-2:30pm; Wednesday (as needed) 5-6pm,FOODPANTRY,
HARNETT,R1179,R1179FP,Harnett Food Pantry,413 W Old Rd,Lillington,27546,"Monday 4-6:30pm, Tuesday 1-4pm, Thursday 10am-1pm",FOODPANTRY,910-591-9963
JOHNSTON,R1181,R1181FP1,Harvest Word Ministry,15199 NC 96,Zebulon,27597,1st Friday 1-2pm,FOODPANTRY,919-618-1857
WAKE,R1183,R1183SH1,Healing Transitions,1251 Goode St,Raleigh,27603,24/7,SHELTER,919-838-9800 Ext 2540
WAKE,R1185,R1185FP,Hearts For Children Intl,14705 New Light Rd,Wake Forest,27587,3rd Sat 10am-11am,FOODPANTRY,919-614-2068
HALIFAX,R1188,R1188FP,Highway Restoration Ministries,740 Vance St,Roanoke Rapids,27870,Thursday's 2-3:30 and 7:30-9,FOODPANTRY,252-673-1093
WAKE,R1193,R1193FP,Holly Springs Food Cupboard,621 W Holly Springs Rd,Holly Springs,27540,Monday 1:00pm-4:00pm and Thursday 2:00pm – 5:00pm,FOODPANTRY,919-577-2210
WAYNE,R1195,R1195FP,House of Fordham/Goldsboro,412 N William St,Goldsboro,27530,Tuesday and Thursday from 9:30 a.m. - 12:30 p.m.,FOODPANTRY,919-736-7352
WAYNE,R1195,R1195SH,House of Fordham,500 N William St,Goldsboro,27530,Mon-Sat 9a.m.-2p..m.,SHELTER,919-736-7352
SAMPSON,R1197,R1197FP,Iglesia Bethel,4191 Beulah Rd,Clinton,28328,Wednesday 7-9pm; Saturday 6-8pm; Sunday 6-8pm,FOODPANTRY,919-902-8063
WAKE,R1198,R1198FP,Iglesia de Dios Pentecostal,2331 New Bern Ave,Raleigh,27610,4th Fridays 11am-1pm,FOODPANTRY,
LEE,R1199,R1199FP,Iglesia La Luz Del Evengelio,646 Oakwood Ave,Sanford,27330,2nd & 4th Wednesday 12:00 pm- 5:00 pm,FOODPANTRY,919-519-7321
JOHNSTON,R1200,R1200FP,Iglesia Pentecostal Jesucristo,1508 Bizzell Grove Church Rd,Selma,27576,1st and 3rd Wed 11 am- 3 pm,FOODPANTRY,919-538-0423
WAKE,R1211,R1211FP,Juniper Level,9104 Sauls Rd,Raleigh,27603,1st & 3rd Thursday 9:30 am -11:30am,FOODPANTRY,919-832-5435
JOHNSTON,R1212,R1212FP,Kenly Area Ministries,212 W 2nd St,Kenly,27542,Monday: 9:00 am-11:00am Tuesday2:00pm-3:00pm Wednesday:2:00pm-4:00pm Thursday:9:00am-11:00am Friday:9:00am-11:00am,FOODPANTRY,919-284-2449
WARREN,R1215,R1215FP,Lakeside Lutheran Church,2427 Eaton Ferry Rd,Littleton,27850,"Delivery only around noon every Tuesday, every Saturday, every 5th Friday",FOODPANTRY,252-586-1248
NASH,R1217,R1217FP,Lifeline Christian Center,2872 Old Franklin Rd,Spring Hope,27882,"1st Monday 8:30-9:15am for last names A-G, 2nd Monday 8:30-9:15am for last names H-M, 3rd Monday 8:30-9:15am for last names N-S, and 4th Monday 8:30-9:15am for last names T-Z",FOODPANTRY,252-315-9430
VANCE,R1218,R1218FP,Lifeline Outreach/Henderson,2014 Raleigh Rd,Henderson,27536,Tuesdays & Fridays 2:00pm-3:00pm Summer Hours 11-1,FOODPANTRY,252-438-2098
NASH,R1219,R1219DD,Light House Community Center,504 Second St,Spring Hope,27882,"First and third Saturday 11:00 am at the latest, may begin serving earlier. Notice sent out via facebook post), every Tuesday at 11",DIRECT DST,252-314-0405
WARREN,R1221,R1221FP,Loaves and Fishes Ministries,538 W Ridgeway St,Warrenton,27589,"Every Monday 9am-1pm, every Tuesday 7:30am-10am, Every Wednesday 12:30pm-4:30pm",FOODPANTRY,252-257-1160
WAKE,R1227,R1227FP,Macedonia New Life,2004 Rock Quarry Rd,Raleigh,27610,Every Thursday from 12-1pm and 1st/3rd/5th Saturday from 12-1pm,FOODPANTRY,919-633-4151
JOHNSTON,R1232,R1232FP,Milagros y Maravillas de Dios,711 W Noble St,Selma,27576,"Monday 1-3pm, Wednesday 5-6pm, Friday 11am-1pm ",FOODPANTRY,919-601-1697
WAKE,R1233,R1233FP,Millbrook United Methodist,1712 E Millbrook Rd,Raleigh,27609,Saturdays  10:00 am-12:00 pm,FOODPANTRY,919-876-0865
DUPLIN,R1240,R1240FP,Mt Zion Community Church,250 Lanefield Rd,Warsaw,28398,"Every 2nd Monday starts at 12 until finished, Every Wednesday 4-5, Every 4th Friday 12pm-2pm",FOODPANTRY,910-580-7763
SAMPSON,R1240,R1240FP2,Garland Christian Ministries,131 Rich Rd,Garland,28441,Wednesdays 1pm (while supplies last) & 4th Saturdays 10:00am (while supplies last) ,FOODPANTRY,910-580-7763
WAKE,R1244,R1244FP,NCA Philip Randolph Inst,1408 Hillsborough St,Raleigh,27605,Saturdays 9- 11 am,FOODPANTRY,919-833-6671
WILSON,R1246,R1246FP1,NC Love In Action (LIA),1004 S Railroad St,Wilson,27893,"2nd & 4th Monday 8:30am-11:30am, Wednesday after the first Tuesday at 7:30pm",FOODPANTRY,252-291-9880
FRANKLIN,R1249,R1249FP,Nelson Chapel Baptist Church,100 Leonard Farm Rd,Louisburg,27549,10 AM – 12 PM  Wed After 2nd & 4th Sunday,FOODPANTRY,919-496-3873
WAKE,R1251,R1251FP,New Bethel Baptist Church,605 E Young St,Rolesville,27571,2nd Tuesday and  3rd Tuesday from 10 to 1 pm. ,FOODPANTRY,919-389-1347
WAKE,R1252,R1252FP,New Bethel Christian Church,4307 Old Poole Rd,Raleigh,27610,2nd & 4th Tuesday 10:30 am - 12:30 pm,FOODPANTRY,202-302-0158
JOHNSTON,R1253,R1253FP,New Birth Holiness Church,409 Dr Donnie Jones Jr Blvd W,Princeton,27569,1st Thursday 11am-12pm,FOODPANTRY,919-502-9651
WAKE,R1258,R1258FP,New Freedom Christian Fellowship,3540 Maitland Dr Ste 102,Raleigh,27610,Fridays 5:30 p.m. - as supplies last,FOODPANTRY,919-601-2352
HARNETT,R1261,R1261FP,New Life Fellowship Church,4714 Olivia Rd,Sanford,27332,2nd Saturday 12pm-3pm (every other month) ,FOODPANTRY,919-499-5316
FRANKLIN,R1262,R1262FP,New Life Outreach Ministry,128 Savage St,Franklinton,27525,1st & 3rd Mondays 9-10am,FOODPANTRY,919-671-3511
WAKE,R1263,R1263FP,New Providence Missionary,4813 Hilltop Needmore Rd,Fuquay-Varina,27526,2nd & 3rd Sat 1:00 pm - 3:00 pm,FOODPANTRY,919-552-3531
SAMPSON,R1265,R1265FP,New Vision Christian Church,2102 Hobbton Hwy,Clinton,28329,3rd Saturday 11am-2pm and by emergency,FOODPANTRY,919-735-1256
WAYNE,R1266,R1266FP,North Carolina Poverty,106 S Goldsboro St,Fremont,27830,Tuesdays 10:15 am- 12pm,FOODPANTRY,919-617-1444
WAKE,R1267,R1267FP,North Haven Ministries Inc,6620 Six Forks Rd,Raleigh,27615,3rd Sat 10 am - 11:00 am,FOODPANTRY,919-847-4291
FRANKLIN,R1270,R1270FP,Oak Level Christian Church,2279 Cedar Creek Rd,Youngsville,27596,1st & 3rd Wednesday's 9-10a:30am and 6-6:30pm,FOODPANTRY,919-818-4468
WAKE,R1277,R1277FP,Open Door Baptist Church,9801 Durant Rd,Raleigh,27614,Saturday 11:00 am - 12:00 pm,FOODPANTRY,919.847.6969
NASH,R1281,R1281FP,Our Lady of Perpetual Church,328 Hammond St,Rocky Mount,27804,2nd and 4th Friday 9:30am-11am,FOODPANTRY,252-972-0542 Ext 206
WAYNE,R1287,R1287FP,Pete Norris Ministries Inc,126 W Walnut St,Goldsboro,27533,M-W 8:30a-10:00a,FOODPANTRY,919-736-2909
WAKE,R1288,R1288FP,Pleasant Grove Missionary,952 Morphus Bridge Rd,Wendell,27591,"1st & 3rd Tuesday 10 a.m. - 11a.m., 1st & 3rd Wednesday 5 p.m. - 6 p.m., 5th Tues 10am-11am",FOODPANTRY,919-365-7292
HARNETT,R1289,R1289FP1,Pleasant Union Christian,2164 Neills Creek Rd,Lillington,27546,3rd Thursday 5-6pm call 910-893-4490 to sign-up ,FOODPANTRY,910-893-4490
WAKE,R1290,R1290FP,Poplar Springs Christian,6115 Old Stage Rd,Raleigh,27603,1st & 4th Monday 7:00 am -10:00 am,FOODPANTRY,919-772-5151
WAKE,R1294,R1294FP,Progressive Teamwork Outreach,1300 Mack Todd Rd,Zebulon,27597,"3rd Tues 4pm-6pm, Thursdays 4p-6p, Sa- by appointment only",FOODPANTRY,919-395-8253
WAKE,R1298,R1298FP,Raleigh Church of Christ,911 Barringer Dr,Raleigh,27606,4th Saturday 9:30 am -11:30 am,FOODPANTRY,919-852-5683
WAKE,R1303,R1303SH,Raleigh Rescue Mission,314 E Hargett St,Raleigh,27601,24/7,SHELTER,919-828-9014 Ext 131
WAKE,R1303,R1303SK,Raleigh Rescue Mission,314 E Hargett St,Raleigh,27601,Daily-Breakfast for men 7am; Breakfast for women 7:45am; Lunch for men 12:30pm; Lunch for women at 11:45am; Dinner for men 5pm; Dinner for women 4pm,SOUP KITCH,919-828-9014 Ext 131
HARNETT,R1308,R1308FP,Recruiters for Christ Church,931 Red Hill Church Rd,Dunn,28334,Wed 2pm-5pm,FOODPANTRY,910-890-2137
WAYNE,R1311,R1311FP,Renewal Place,106 Norwayne Alumni Way,Fremont,27830,3rd Tuesday 10am-12pm,FOODPANTRY,919-607-5873
WAKE,R1315,R1315FP,Revelation Missionary,805 E Davie St,Raleigh,27601,3rd Saturday 10:30 am -12:30 pm,FOODPANTRY,919-828-9292
SAMPSON,R1316,R1316FP,Revival Deliverance Ctr Inc,101 E Pinewood St,Roseboro,28382,2nd and 4th Saturday 10-12:30pm,FOODPANTRY,910-990-0967
WAKE,R1318,R1318FP,Richland Creek Community,3229 Burlington Mills Rd,Wake Forest,27587,2nd and 4th Saturday.  9- 11 am,FOODPANTRY,919-556-9292
SAMPSON,R1323,R1323FP,Rock Ministry Inc,350 W 2nd St,Garland,28441,1st Wednesday and 2nd and 4th Thursday of the month 1-4pm,FOODPANTRY,910-529-7625
WAKE,R1331,R1331FP,Salvation Army-Raleigh,1863 Capital Blvd,Raleigh,27601,Tuesday & Thursday 1pm - 2pm (No Holiday Services),FOODPANTRY,919-834-6733
WAKE,R1331,R1331SH,Salvation Army-Raleigh,1863 Capital Blvd,Raleigh,27601,Family Drop In shelter : 5pm (First come first served),SHELTER,919-834-6733
WAKE,R1331,R1331SK,Salvation Army-Raleigh,1863 Capital Blvd,Raleigh,27601,Monday -Friday 4:30pm - 5:30pm ( No Holiday Services),SOUP KITCH,919-834-6733
NASH,R1332,R1332FP,Salvation Army-Rocky Mount,1000 Hunter Hill Rd,Rocky Mount,27804,Monday-Thursday 9am-4pm by appointment only,FOODPANTRY,252-446-4496 ext 5
JOHNSTON,R1333,R1333FP,Salvation Army-Smithfield,306 N Brightleaf Blvd,Smithfield,27577,Fridays 9-11am ,FOODPANTRY,919-934-9102
JOHNSTON,R1334,R1334FP,Samaritan's Shelf,143 Short Johnson Rd,Clayton,27520,3rd Saturday 9:30am-11:30am and by emergency,FOODPANTRY,919-631-8290
LENOIR,R1338,R1338FP1,Save the Family Church,5740 Aldridge Store Rd,LaGrange,27534,Fridays at 2:00pm-3:00pm,FOODPANTRY,919-583-8932
JOHNSTON,R1348,R1348FP,Shiloh Christian Food Pantry,211 Durham St,Smithfield,27577-1766,Wed 9am-2pm,FOODPANTRY,919-934-0278
JOHNSTON,R1349,R1349FP,Showers of Blessing Community,9759-B Cleveland Rd,Clayton,27520,3rd Thursdays 6:30-8:30pm ,FOODPANTRY,919-673-4405 
JOHNSTON,R1355,R1355FP,Saint Ann Catholic Church,4057 US 70 BUS,Clayton,27520,Fridays 9-10:30am (closed on Good Friday The Friday after Thanksgiving The Friday between Christmas and New Year’s Day),FOODPANTRY,919-934-2084
WAKE,R1356,R1356FP,Saint Anna Freewill Baptist,11705 Old Stage Rd,Willow Springs,27592,"Friday after the 3rd Sunday, 12-2pm",FOODPANTRY,919-552-1107
EDGECOMBE,R1359,R1359FP,Saint James Missionary Baptist Church,527 E Thomas St,Rocky Mount,27801,1st & 3rd Wed 8:30AM-9:30AM,FOODPANTRY,252-442-2318
WAYNE,R1360,R1360FP1,Saint Mark Church of Christ,700 W Ash St,Goldsboro,27530,2 Fridays per month 10:00am-1:00pm,FOODPANTRY,919-738-8215
NASH,R1362,R1362FP,Saint Paul Missionary Baptist Church,1151 Winstead Ave,Rocky Mount,27804,4th Saturday from 8:30-11am,FOODPANTRY,252-904-0513
WAKE,R1364,R1364FP,State Street Community Church,1200 S State St,Raleigh,27610,3rd Sat 11:00 am - 12:30pm & as needed,FOODPANTRY,919-828-3746
WAKE,R1365,R1365FP,The Stone Chapel,701 S Main St,Wake Forest,27587,Sundays 9 am - 1 pm,FOODPANTRY,919-880-7817
WAKE,R1367,R1367FP,Sure Promise Christian Church,4301 Pearl Rd,Raleigh,27610,"Every other Saturday, 11:00 am to 1:00 pm",FOODPANTRY,919-758-0843
HALIFAX,R1370,R1370FP,Temple Emmanuel Gospel Truth,9 E 8th St,Weldon,27890,1st Friday 2pm-4pm and by Emergency,FOODPANTRY,252-308-2277
HALIFAX,R1370,R1370SK,Temple Emmanuel Gospel Truth,9 E 8th St,Weldon,27890,Every Sunday 11am-12pm,SOUP KITCH,252-308-2277
WAYNE,R1378,R1378FP,The Original Tabernacle of Prayer,1005 S John St,Goldsboro,27530,Tuesday 9-9:30,FOODPANTRY,919-734-7128
WAKE,R1379,R1379FP1,The Point Care Center,1503 Walnut St,Cary,27511,Saturday 11:00 am - 12:00 pm,FOODPANTRY,252-382-9332
WAKE,R1381,R1381FP,The Ship Outreach & Comm Cntr,2635 S Saunders St,Raleigh,27603,2nd Saturday 10:00 am - 11:30 am,FOODPANTRY,919-926-7896
WAKE,R1381,R1381FP1,The Ship Outreach @ Raleigh International Church,"4020 Capital Blv, Suite 152",Raleigh,27604,Fourth Saturday of each month. 10-11:30 am,FOODPANTRY,
WAKE,R1381,R1381FP2,The Ship Outreach @ Storehouse Ministry,2421 Lake Wheeler Rd,Raleigh,27603,Third Saturday of each month. 11 am- 12:30 pm,FOODPANTRY,
WAKE,R1381,R1381FP3,The Ship Outreach @ Cavalry Faith Center,4825 Rolesville Rd,Wendell,27591,Third Saturday of each month. 9:30- 11 am,FOODPANTRY,
WAKE,R1381,R1381FP4,The Ship Outreach @ Bethany Community Church,1225 South Main St,Wake Forest,27587,First Saturday of each month. 2- 3:30 pm,FOODPANTRY,
WAKE,R1384,R1384FP,Tri-Area Ministry,149 East Holding Ave,Wake Forest,27587,Mon & Wed 2nd & 3rd Sat 10am-1pm,FOODPANTRY,919-556-7144
EDGECOMBE,R1386,R1386FP,Truth Foundational Ministries,312 N Second St,Pinetops,27864,1st and 3rd Thursday from 9a-12p,FOODPANTRY,252-827-2312
WAYNE,R1389,R1389FP,TWFC Food-4-Life,296 Buck Swap Rd,Goldsboro,27530,2nd and 4th Tuesday 10am-2pm,FOODPANTRY,919-288-9550
WAKE,R1390,R1390FP,UMOJA Central SDA Church,314 Bashford Rd,Raleigh,27606, Fridays 10:00 am - 12:00 pm,FOODPANTRY,919-931-7877
NASH,R1391,R1391FP,United Community Ministries,341 McDonald St,Rocky Mount,27802,"Monday, Wednesday, Friday 12:30pm-1:30pm",FOODPANTRY,252-985-1650
NASH,R1391,R1391SH,United Community Ministries,341 McDonald St,Rocky Mount,27802,Mon-Fri 8a.m.-10p.m.,SHELTER,
NASH,R1391,R1391SK,United Community Ministries,341 McDonald St,Rocky Mount,27802,Daily 11am-11:30am,SOUP KITCH,
WARREN,R1393,R1393FP,United Solid Rock Faith Ministries,1020 US Hwy 158 W Business,Norlina,27563,2nd Tuesday 1pm until food runs out and by emergency,FOODPANTRY,252-204-9352
WAKE,R1395,R1395FP,Upper Room Church of God,3300 Idlewood Village Dr,Raleigh,27610,"2nd Saturday 9 am- 12 pm, 4th Thursday 6- 9:30 pm",FOODPANTRY,919-829-6160
WAKE,R1396,R1396FP,Urban Ministries of Wake County,1390 Capital Blvd,Raleigh,27603,M-F/9a-1p,FOODPANTRY,919-256-2170
WILSON,R1397,R1397FP,Vaughn's Chapel MB Church,4966 S Elm City Rd,Elm City,27822,"2nd and 4th Tuesday 10""30am-11:30am",FOODPANTRY,252-236-4427
WAKE,R1402,R1402FP,Wake Chapel Church,3805 Tarheel Club Rd,Raleigh,27604,2nd Sat at 9:00 and By appointment during office hours,FOODPANTRY,919-872-7776
DUPLIN,R1410,R1410FP,Warsaw Baptist Church,209 E College St,Warsaw,28398,Monday-Friday 9am-4pm and 1st Tues @11am for Large distribution,FOODPANTRY,910-293-4236
WAKE,R1416,R1416FP,Wendell United Methodist,129 N Main St,Wendell,27591,"Tuesdays 5pm -7pm, Thursday 9am - 10:30 am, last Sat 10am - 12 noon",FOODPANTRY,919-365-8040
WAKE,R1418,R1418FP,Western Wake Crisis Ministry,1600 Olive Chapel Rd Ste 408,Apex,27502,"Monday to Thursday: 12:30 PM – 3:30 PM. Thursday Evening: 5:00 PM – 6:45 PM. Last Saturday of each month, when we’re open from 9:00 AM to 12:00 PM",FOODPANTRY,919-362-0657
WAKE,R1419,R1419FP,White Oak Foundation,1621 White Oak Church Rd,Apex,27523, Wednesdays and Fridays 11:00am-2:00pm(No Friday before a Saturday Distribution)2nd Saturday 11:00am- 1:00PM,FOODPANTRY,919-362-6768
WAKE,R1420,R1420FP,Williams Grove Baptist Church,735 Rock Quarry Rd,Raleigh,27610,1st & 4th Sat 10:30 am - 12:30 pm,FOODPANTRY,919-829-1282
WAKE,R1422,R1422FP,With Love From Jesus Ministry,421 Chapanoke Rd,Raleigh,27603, Tues/Wed/Fri/Sat -- 9:30 am- 12 pm.,FOODPANTRY,919-233-8010
WAYNE,R1423,R1423FP,Woods Chapel UAFWB Church,928 E New Hope Rd,Goldsboro,27534,4th Thursday 9am-12pm and as needed ,FOODPANTRY,919-778-2379
DUPLIN,R1424,R1424FP,Word of Faith Ministries Food,1288 NC Hwy 11 903 N,Kenansville,28349,Wed 9a.m.- 11:45p.m.,FOODPANTRY,910-296-1728
DUPLIN,R1424,R1424MFP,Word of Faith Ministries Food,1288 NC Hwy 11 903 N,Kenansville,28349,Mon and  Wed. 9am-12noon and emergencies,DIRECT DST,910-296-1728
WAKE,R1425,R1425FP,Word of God Fellowship,3000 Rock Quarry Rd,Raleigh,27610,Thurs 1pm - 2pm and as needed,FOODPANTRY,919-834-1141
WAKE,R1427,R1427FP,Zebulon United Methodist,114 W Sycamore St,Zebulon,27597,Tuesday & Thursday 9am to10:30 am,FOODPANTRY,772-360-8739
HALIFAX,R1467,R1467FP,Building Bridges Without Limits,577 E Franklin St,Enfield,27823,3rd Sat 2pm-6pm but during winter it's 2-5pm; every Saturday or Sunday as food is available at 11am (call ahead to confirm for Saturday/Sunday distributions),FOODPANTRY,252-445-2272
JOHNSTON,R1475,R1475FP,Smithfield Area Ministries Food Closet,140 E Market St,Smithfield,27577,Thursday 9:30am-12pm & 2-4pm ,FOODPANTRY,919-934-2218
FRANKLIN,R1493,R1493FP,Our Lady of the Rosary Food Pantry,937 N Main St,Louisburg,27549,Tuesdays 8:30am-10:30am,FOODPANTRY,919-740-1594
WAKE,R1503,R1503FP,Solid Rock Ministry International Inc.,502 Creech Rd,Garner,27529,"1st & 3rd Wednesday, 4th Saturday 9am -11am",FOODPANTRY,919-772-5681
JOHNSTON,R1507,R1507FP,Movimiento Pentecostal y Misionero Perlas,407 E Church St,Benson,27506,Thursday 7pm ,FOODPANTRY,252-294-7001
WAKE,R1510,R1510FP,North Raleigh Ministries,2809 E Millbrook Rd,Raleigh,27609,"MTTH10:30 am - 2:00pm, W 3:30pm - 7:00 pm",FOODPANTRY,919-844-6676 x1 
JOHNSTON,R1511,R1511FP,Princeton United Methodist Food Pantry,101 E 1st St,Princeton,27569,1st and 3rd Wednesday 3-4pm,FOODPANTRY,226-250-8417
SAMPSON,R1512,R1512FP2,Three In One Family Center,607 NC-24,Roseboro,28382,3rd Thursday 11am ,FOODPANTRY,252-266-6655
DUPLIN,R1512,R1512FP3,Three In One Family Center,5110 Hwy 117 S,Wallace,28365,Thursday 8am - 12pm,FOODPANTRY,252-266-6655
LENOIR,R1512,R1512FP4,Three In One Family Center,400 Grainger Ave,Kinston,28501,"8:30 AM 1st, 3rd, and 4th Wednesday, monthly",FOODPANTRY,
WAKE,R1513,R1513SPC,Feed the Pack,2200 Hillsborough St,Raleigh,27607,"*Open to NCSU students, staff, and faculty* Tue 12- 6 pm, Wed 2- 8 pm, Fri 12- 6 pm, Sat 12- 4 pm",SPC,Feed the Pack Food Pantry | Pack Essentials
NASH,R1514,R1514FP,REACH Our Communities-Cathedral of Love Ministries,12564 W Hanes Ave,Middlesex,27577,2nd and 4th Saturdays 10am-12pm,FOODPANTRY,919-810-4471
WAKE,R1518,R1518FP,Kirk of Kildaire Presbyterian Church,200 High Meadow Dr,Cary,27511,"Monday, Tuesday, Thursday, Friday: 9am-Noon",FOODPANTRY,919-687-0245
NASH,R1531,R1531DR,Castalia Community Food Giveaway,10404 Lancaster Store Rd,Castalia,27816,2nd Thursday and 4th Friday at 9am,DR AG FP,252-459-2040
JOHNSTON,R1534,R1534FP,Ties for Guys Men’s Ministry,405 W Whitaker St,Clayton,27527,every other Saturday 10-11am  ,FOODPANTRY,919-741-1598
JOHNSTON,R1537,R1537FP,S & C Food Pantry,1110 Massey St,Smithfield,27577,1st & 3rd Saturday from 9a-12p,FOODPANTRY,
WAKE,R1538,R1538FP,Grace Christian Church,7715 Louisburg Rd,Raleigh,27616,"4th Sat  9am-12pm quarterly ( Jan, April, July & Oct)",FOODPANTRY,
WILSON,R1543,R1543FP,Vision Church - MP,7369 US Hwy 301,Wilson,27851,Fri 10:30 am to 12:30 pm,OTHER FP,919-588-0692
FRANKLIN,R1545,R1545FP,Blessings Inc/Saint Paul Presbyterian Church,928 S Main St,Louisburg,27549,every Friday 11am- run out; 1st 2nd & 4th Tuesday 11- run out; 24/7 outdoor pavilion,FOODPANTRY,919-495-7090
HARNETT,R1549,R1549FP,Hand-ee,12254 NC 210 S,Spring Lake,28390,Thursday and Friday 11am-2pm ,FOODPANTRY,910-497-7100
WAYNE,R1554,R1554FP,Goldsboro Family YMCA,1105 Parkway Dr,Goldsboro,27534,Tuesday 10-11am ,FOODPANTRY,919-778-8557 ext 203
HALIFAX,R1555,R1555FP,Community of Hope Center,201 Batchelor Ave,Enfield,27823,June-Sept: 11am-1pm every third Thursday; October-May 1pm-3pm every third Thursday; also available on call for emergency food,FOODPANTRY,252-592-6070
JOHNSTON,R1560,R1560FP,Restoration Church and Outreach Ministries,901 Old Fairground Rd,Willow Spring,27592,Every Tuesday (11am-2pm) and every Saturday (9am-12pm),FOODPANTRY,919-902-1013
WAKE,R1563,R1563FP,Iglesia Tabernaculo De Restauracion,7604 Rock Quarry Rd,Raleigh,27610,"3rd Friday 12:00 pm - 3:00 pm, & as needed",FOODPANTRY,
FRANKLIN,R1571,R1571FP,The Journey Ministry,426 S Cross St,Youngsville,27596,"Tuesday's 12:30pm-2:30pm and 1st Saturday of September, December, March, and June 8-10:30am",FOODPANTRY,919-414-2091
FRANKLIN,R1581,R1581FP,Pine Ridge Baptist Church,874 Pine Ridge Rd,Zebulon,27597,"every Wednesday 1-2pm/1st, 4th, and 5th Sunday's 2-3pm",FOODPANTRY,919-880-5708
WAKE,R1585,R1585FP,Springfield Baptist Church,4309 Auburn Knightdale Rd,Raleigh,27610,1st & 3rd Saturday 9am - 1pm,FOODPANTRY,919-772-8078
WAKE,R1586,R1586FP,Open Table,824 N Bloodworth St,Raleigh,27604,"Wednesdays, 12pm - 1pm",FOODPANTRY,919-832-1390
WAKE,R1587,R1587FP,Celebration Church,8700 Capital Blvd,Raleigh,27616,"1st, 3rd & 5th Sat 11:00 am-12:30 pm",FOODPANTRY,919-954-8800
WAYNE,R1591,R1591FP,Nothing But the Truth Ministry,1009 Berkeley Blvd,Goldsboro,27534,1st & 3rd Saturday 10:30am-12pm,FOODPANTRY,910-214-1614
WAKE,R1593,R1593FP,Lincoln Park Holiness Church,1504 New Bern Ave,Raleigh,27610,"Tues & Thurs 2pm-4pm, Sat 2pm-3pm",FOODPANTRY,919-880-5065
FRANKLIN,R1595,R1595FP,Concord Baptist Church,810 Walter Grissom Rd,Kittrell,27544,"3rd Saturday 10am-12pm, every Sunday 1pm-2pm",FOODPANTRY,919-452-5386
WAKE,R1605,R1605FP,The Way Church,3704 Benson Rd,Garner,27529,"Every other Mon 8am-12pm, 3rd Tue 12pm-2pm",FOODPANTRY,984-365-6222
WAKE,R1606,R1606FP,Compass Christian Church,5309 Umstead Rd,Fuquay-Varina,27526,1st and 3rd Sat 10 am- 12 pm,FOODPANTRY,919-277-1680
NASH,R1608,R1608FP,Joyful Hope Station,1136 S Church St,Rocky Mount,27803,Every Thursday 2-4pm; Every Saturday 12-2; Every Sunday as needed from 1:30pm-2:30pm,FOODPANTRY,252-904-8562
FRANKLIN,R1609,R1609FP,Franklin County Interfaith Council- Allen Chapel,693 T K Allen Rd,Louisburg,27549,Tuesday after the first and third Sunday from 2-4pm and Sunday’s at 12pm,FOODPANTRY,919-495-4441
FRANKLIN,R1610,R1610FP,Pantry of H.O.P.E.,3331 NC 39,Louisburg,27549,Thursday's 3pm-5pm; Saturday before 4th Sunday 8am-11am,FOODPANTRY,919-671-3010
WAKE,R1612,R1612SK,Grace AME Church,1401 Boyer St,Raleigh,27603,Monday - Wednesday 3:45pm - 4:30pm,SOUP KITCH,919-827-7475
WILSON,R1613,R1613FP,Saint James Christian Church Disciples of Christ,1739 Martin Luther King Jr Pkwy E,Wilson,27893,1st & 3rd Saturday 12pm-2pm,FOODPANTRY,919-451-0424
WARREN,R1614,R1614FP,Olive Grove Missionary Baptist Church,915 Eaton Ferry Rd,Littleton,27850,4th Wednesday 10am and also by emergency,DIRECT DST,252-213-0206
FRANKLIN,R1617,R1617FP,The Help Center NC - Louisburg,110 Industrial Dr,Louisburg,27549,Tuesday and Friday: 9 am to 1 pm & Emergencies 2 pm to 5 pm,FOODPANTRY,919-391-7300
HALIFAX,R1619,R1619FP,"A Better Chance, A Better Community",6878 Old 125 Rd,Scotland Neck,27874,Monday-Friday 10am-2pm and also by appointment,FOODPANTRY,252-673-5080
WAKE,R1620,R1620FP,South Raleigh Inwood Care Pantry,3700 Lake Wheeler Rd,Raleigh,27603,Sat 11am-12pm,FOODPANTRY,
HARNETT,R1622,R1622FP,Kingdom Christ Church,25 Bailey Way Rd,Lillington,27546,Sundays 12:30pm and 3rd Saturday 12pm ,FOODPANTRY,99-520-8424
NASH,R1623,R1623FP,Mission in Action,904 S Alston St,Nashville,27856,"4th Sunday's at 3pm, 3rd Wednesday's at 2pm",FOODPANTRY,252-908-2282
WAKE,R1624,R1624FP,Iglesia Pentecostal Puerta Al Cielo,1411-1 Diggs Dr,Raleigh,27603,Thursdays 4:30- 6:30 pm,FOODPANTRY,
WAKE,R1625,R1625FP,Oak City Baptist Church,726 Method Rd,Raleigh,27607,3rd Saturday 9am-12pm,FOODPANTRY,
FRANKLIN,R1626,R1626FP,Sandy Creek Baptist Church,4160 NC 561 Hwy,Louisburg,27549,2nd & 4th Thursday 9am-12pm,DIRECT DST,919-727-2087
FRANKLIN,R1627,R1627FP,Sowing Seeds NC,200 Ayscue Way,Franklinton,27525,Every Monday and Wednesday 3:30pm-5:30pm,FOODPANTRY,919-398-4695
WARREN,R1638,R1638FP,Warrenton Missionary Baptist Church,114 S Bragg St,Warrenton,27589,1st & 3rd Thursday's 9-10:30am; 1st Saturday 9-10:30am,FOODPANTRY,252-213-4859
WAKE,R1641,R1641FP,Wake Relief,4 N Blount St,Raleigh,27601,"Mon & Tue 1pm -3pm, W 10am -12pm, 4th Sat 10am -12pm",FOODPANTRY,207-838-1493
WAYNE,R1643,R1643FP,Kingdom Builders Youth Development Program,600 E Pine St,Goldsboro,27530,Saturdays 10-12,FOODPANTRY,919-288-5655
HARNETT,R1644,R1644FP,The Haven Church,4900 Bunnlevle-Erwin Rd,Erwin,28339,Saturdays 8am-12pm,FOODPANTRY,910-694-6658
FRANKLIN,R1645,R1645FP,Bridges of Hope Outreach Ministry,304 Main St,Franklinton,27525,1st & 3rd Friday 10am-12pm,FOODPANTRY,
WILSON,R1652,R1652FP,Wilson Youth United Inc. dba The SPOT,910 Tarboro St W,Wilson,27893,2nd & 4th Friday's 4-6:30pm,FOODPANTRY,252-991-4018
FRANKLIN,R1665,R1665FP,"Tar River Cowboy Church ""Feed My People""",1308 NC 98 HWY W,Louisburg,27549,Every Friday 5pm-7pm; 2nd & 4th Tuesday's 12pm-2pm delivery to Bunn Manor Apartments,FOODPANTRY,919-945-9636
HOKE,S1005,S1005FP,Avery's Chapel FWB Church,902 Loop Rd,Raeford,28376, Monday 10 AM-12 PM and Friday 10 AM- 12 PM,FOODPANTRY,910-281-5907
MOORE,S1009,S1009FP,Blue Angel Outreach,5 American Legion Ln,Pinehurst,28374,3rd and 4th Friday 9:30am  3rd Wed. TEFAP at 11am,FOODPANTRY,910-783-7616
MOORE,S1014,S1014FP,Carthage United Methodist,108 Bruce St,Carthage,28327,1st and 3rd  Saturdays 8:00-9:30am,FOODPANTRY,910-603-0413
RICHMOND,S1015,S1015FP,Christ Memorial Church,1110 E Washington St,Rockingham,28379,Saturdays 8:00-10:00am,FOODPANTRY,910-215-3685
MOORE,S1016,S1016FP,Christian Mission Center,703 Monroe St,Carthage,28327,Wednesdays 9:30am-12:30pm,FOODPANTRY,910-947-3020
SCOTLAND,S1017,S1017FP,Church Community Services,108 Gill St,Laurinburg,28352,"Mon., Wed., and Fri., 8:30am-12:00pm",FOODPANTRY,910-276-8330
MOORE,S1031,S1031FP,Eagle Springs Baptist Church,460 Eagle Springs Rd,Eagle Springs,27242,2nd and 4th Sat. 10 AM-11 AM,FOODPANTRY,910-673-2839
RICHMOND,S1032,S1032FP,Faith Assembly Church,148 Daniels St,Hamlet,28345,Fridays at 1pm (direct distribution) & Saturdays at 10:30am-1:30 PM,FOODPANTRY,910-997-4391
RICHMOND,S1032,S1032SK,Faith Assembly Church,148 Daniels St,Hamlet,28345,"Tues 5:45PM- 7PM dinner; 1st, 2nd, 3rd Sundays 9 AM breakfast delivery to seniors only and breakfast available to the community at the church",SOUP KITCH,910-997-4391
RICHMOND,S1044,S1044FP,Helping Hands of Hamlet,609 Cheraw Rd,Hamlet,28345,Every Thursday 12-3pm,FOODPANTRY,910-334-1009
MOORE,S1045,S1045FP,High Falls United Methodist,324 Frieson Rd,Highfalls,27259,Second & Fourth Saturday of each month; 7:00 a.m. - 8:30 a.m.,FOODPANTRY,910-464-2669
RICHMOND,S1049,S1049FP,Jesus Is Justice Mission Inc,469 Mills Rd,East Rockingham,28379,Thursday 11-2pm Tuesday (for unhoused only) and Sunday at 3 PM (for unhoused only),FOODPANTRY,917-566-1961
RICHMOND,S1050,S1050SK,King's Gate Church,161 Sierra Ave,Hamlet,28345,Tuesdays 12pm,SOUP KITCH,910-995-2943
RICHMOND,S1055,S1055FP,Mineral Springs Improvement,122 Railroad St,Ellerbe,28388,Tuesdays 2-3pm,FOODPANTRY,910-434-3160
MONTGOMERY,S1058,S1058FP,Montgomery Churches in Action,203 Church St,Biscoe,27209,every Saturday 7:30a-9:30a,FOODPANTRY,910-220-1283
RICHMOND,S1059,S1059FP,Mt Zion UCC/Rockingham,986 Ledbetter Rd,Rockingham,28379,2nd and 4th Saturday 11am-12pm,FOODPANTRY,910-895-5792
MOORE,S1063,S1063FP,New Zion Ame Zion Church,4967 Hwy 705,Robbins,27325,1st Wednesday of the mon. 3pm-until  Every Mon-Thurs. 10am-11:30am fresh produce distribution,FOODPANTRY,910-639-7382
RICHMOND,S1065,S1065FP1,Our Daily Bread Christian Food,108 S Randolph St,Rockingham,28379,Tuesday/Wednesday/Thursday-9:30am-12:30pm,FOODPANTRY,910-895-3536
RICHMOND,S1066,S1066FP,Outreach for Jesus,440 Battley Dairy Rd,Hamlet,28345,bi-weekly Thurs 3-4pm,FOODPANTRY,910-206-2959
MOORE,S1068,S1068FP,Pinebluff United Methodist Church,165 W Philadephia Ave,Pinebluff,28373,Third Saturday of each month 8:00-9:30a.m. M-F Emergency Asst. by appointment,FOODPANTRY,910-986-3549
RICHMOND,S1070,S1070FP,Prayer and Faith Temple Church,217 Lackey St,Hamlet,28345,2nd and 4th Wed 10 AM- 12 PM,FOODPANTRY,910-582-1177
SCOTLAND,S1072,S1072FP,Restoring Hope Center,1206 North Main St,Laurinburg,28353,Monday Tuesday  Friday 8:30am-11am,FOODPANTRY,910-276-4460/910-277-1601
MOORE,S1074,S1074FP,Robbins Area Christian,120 S Middleton St,Robbins,27325,1st and 3rd Sat  8am-10am,FOODPANTRY,910-638-4426 cell
SCOTLAND,S1075,S1075FP,Partners In Ministry,12 3rd St,Laurinburg,28343,2nd and Fourth Saturday 9am-12pm 1st and 3rd Friday 2-4pm,FOODPANTRY,910-277-3355 office
LEE,S1078,S1078FP,Salvation Army of Lee County,1740 S Horner Blvd,Sanford,27330,Mon-Thurs. 9 AM-12 PM and 1 PM- 4PM,FOODPANTRY,919-718-1717 Ext 20
MOORE,S1079,S1079FP,Sandhills Moore Coalition,1500 W Indiana Ave,Southern Pines,28387,M-F 8 AM-11 AM by appointment only,FOODPANTRY,910-693-1600
MOORE,S1082,S1082FP,Sandhills UCC,321 Keyser St,Aberdeen,28315,2nd Thursday 9am-12pm,FOODPANTRY,910-215-6573
RICHMOND,S1087,S1087FP,Southern Mission Ministries,267 Blues Bridge Rd,Hoffman,28347,Thursdays 10am-12pm,FOODPANTRY,910-281-4898
MOORE,S1088,S1088FP,Southern Pines UMC,175 Midland Rd,Southern Pines,28387,every Monday 10-11:30 AM,FOODPANTRY,910-528-0504
MOORE,S1090,S1090FP,Saint Anthony's Catholic Church,320 N Ashe St,Southern Pines,28387,Tues and Thurs. 10 AM to 1 PM,FOODPANTRY,910-692-6613
SCOTLAND,S1091,S1091FP,Saint John's Emergency Food,7700 Hwy 79,Gibson,28343,2nd and 4th Wed. 9 AM-11 AM,FOODPANTRY,910-280-2424
SCOTLAND,S1092,S1092FP,Saint Luke United Methodist,1501 Turnpike Rd,Laurinburg,28352,3rd Saturday 8:30-9:30am Wed. 1-3pm,FOODPANTRY,910-276-6821
RICHMOND,S1093,S1093FP,Saint Paul Lutheran,311 Marlboro St,Hamlet,28345,3rd Sat. 9 AM-11:30 AM and Wednesdays 1 PM,FOODPANTRY,910-582-0729
RICHMOND,S1095,S1095FP,Tabernacle Full Gospel,328 Airport Rd,Rockingham,28379,Tuesdays and Wednesdays 11:30am - 2pm,FOODPANTRY,910-419-4271
MOORE,S1096,S1096FP,The Worship Center,150 Eastman Rd # 1A,Southern Pines,28387,1st & 3rd Tuesday 10am-12pm,FOODPANTRY,910-528-4539
SCOTLAND,S1097,S1097FP,Unionville Missionary Baptist,19400 Blakley Rd,Laurinburg,28352,EveryTuesday 6:00pm-8:30pm,FOODPANTRY,
MOORE,S1101,S1101FP,West End United Methodist,4015 NC Hwy 73,West End,27376,Every Other Wednesday 8-10:30 am,FOODPANTRY,910-673-1371
MOORE,S1113,S1113FP,Vass Community Food Pantry,3450 US Business Hwy 1,Vass,28394,2nd and 4th Tues. 10:30 AM- 11:30 AM,FOODPANTRY,910-639-4400
LEE,S1115,S1115SH1,Outreach Mission Inc.,507 Third St,Sanford,27330,Monday-Friday 9 am-5 pm,SHELTER,919-776-8487 office
RICHMOND,S1116,S1116FP,Place of Grace,252 School St,Rockingham,28379,Monday and Wednesdays 10am-2pm,FOODPANTRY,910-819-7801
SCOTLAND,S1120,S1120FP,Gift of Love Food Pantry,9460 Andrew Jackson Hwy,Laurel Hill,28351,Mon-Friday 10 am- 3 pm emergency asst. and food distributions,FOODPANTRY,
COLUMBUS,W1003,W1003FP,Bogue Community Citizens,1036 Jockey Rd,Hallsboro,28442,"TEFAP 4th Fri 8-10am and 4th Saturday, by appointment",FOODPANTRY,910-317-6064
NEWHANOVER,W1004,W1004SOF1,Bread for Life,108 N Kerr Ave Suite K1,Wilmington,28405,"Serves adults ages 60 and older 1st Tuesday 10am-12pm / 2nd, 3rd & 4th Friday 10am-12pm",ELDERLY NU,
BRUNSWICK,W1007,W1007FP1,Brunswick Family Assistance,929 Old Ocean Hwy,Bolivia,28422,"Monday, Tuesday, & Thursday 9am-12pm &1-4pm, Wednesdays 1-4pm, Friday 9am-12pm &1-2:30pm",FOODPANTRY,910-754-4766
BRUNSWICK,W1007,W1007FP2,Brunswick Family Assistance,324-I Village Rd,Leland,28451,"Monday, Tuesday, Wednesday & Thursday 9am-12pm & 1-4pm & Friday 9am-12pm & 1-2:30pm",FOODPANTRY,910-754-4766
BRUNSWICK,W1008,W1008FP,Brunswick Islands Baptist Church,1672 Mt Pisgah Rd,Supply,28462,1st & 3rd Tuesday 8-11am ,FOODPANTRY,910-842-8969
PENDER,W1010,W1010FP1,Gateway Community Church,416 W Bridgers St,Burgaw,28425,"Monday, Wednesday & Friday 11am-12pm",FOODPANTRY,910-259-5447
NEWHANOVER,W1016,W1016FP,Catholic Charities,4280 US Highway 421 N Suite 110,Wilmington,28401,Tuesdays and Fridays 9-11:30am,FOODPANTRY,910-251-8130
NEWHANOVER,W1019,W1019SH,Coastal Horizons- Open House Youth Shelter,615 Shipyard Blvd,Wilmington,28412,24/7,SHELTER,910-392-6936
COLUMBUS,W1029,W1029FP,Facts of Life Church,24678 Peacock Rd,Tabor City,28463,"Mondays by appointment, Wednesdays at 11am, & 3rd Friday at 10am (while supplies last)",FOODPANTRY,910-918-4531
COLUMBUS,W1029,W1029SK,Facts of Life Church,506 N Lee St,Whiteville,28472,Saturdays 2-4pm,SOUP KITCH,910-918-4531
NEWHANOVER,W1031,W1031SK,First Baptist Church Carolina Beach,409 N Lake Park Blvd,Carolina Beach,28428,Thursday 5:30-6:30pm Martha Kitchen's On the Go Fridays 10am-12pm,SOUP KITCH,910-458-5134
COLUMBUS,W1032,W1032FP,Lake Waccamaw Food Ministry,300 Sam Potts Hwy,Lake Waccamaw,28450,4th Saturday 9-10am,FOODPANTRY,910-646-3727
BRUNSWICK,W1033,W1033FP,First Baptist Church of Leland,517 Village Rd,Leland,28451,1st and 3rd Saturday of month 10am-12pm,FOODPANTRY,910-371-2233
NEWHANOVER,W1034,W1034FP,First Fruit Ministries,2750 Vance St,Wilmington,28412,"Mondays 10am-12pm, Wednesday 10am-12pm & Saturday 10am-1pm",FOODPANTRY,910-612-1653
NEWHANOVER,W1034,W1034SH,First Fruit Ministries,2750 Vance St,Wilmington,28412,Shelter 24/7,SHELTER,910-612-1653
NEWHANOVER,W1036,W1036FP,Good Shepherd Center,811 Martin St,Wilmington,28401,Wednesdays 12-1pm,FOODPANTRY,910-362-0292 Ext 101
NEWHANOVER,W1036,W1036SH,Good Shepherd Center,811 Martin St,Wilmington,28403,24/7,SHELTER,910-362-0292 Ext 101
NEWHANOVER,W1036,W1036SK,Good Shepherd Center,811 Martin St,Wilmington,28401,Monday-Friday 11am-12pm,SOUP KITCH,910-362-0292 Ext 101
NEWHANOVER,W1039,W1039FP,Helping Hands St Stanislaus Catholic Church,4849 Castle Hayne Rd,Castle Hayne,28429,Every other Thursday (call for schedule)  9-11,FOODPANTRY,910-675-2336
PENDER,W1040,W1040FP,Hills Chapel Missionary,2521 Little Kelly Rd,Rocky Point,28457,1st and 3rd Saturday 10am-12pm,FOODPANTRY,828-405-3509
NEWHANOVER,W1041,W1041FP,House of Mercy,4702 S College Rd,Wilmington,28412,Thursdays 11am-1pm,FOODPANTRY,910-392-2899
BRUNSWICK,W1042,W1042FP,Inspirational House of Praise,1005 Village Rd,Leland,28451,Wednesdays 8:30am-9:30am,FOODPANTRY,910 612 7041
COLUMBUS,W1049,W1049FP,Lifesavers Outreach,415 W Walter St,Whiteville,28472,Wednesdays 10am-12pm while supplies last,FOODPANTRY,561-202-5275
COLUMBUS,W1051,W1051FP,Living Word Church,98 Old Chadbourn Hwy,Chadbourn,28431,First and Second Thursday 2pm-5pm,FOODPANTRY,910-654-4165
PENDER,W1052,W1052FP,Livingstones Tabernacle,127 Sloop Point Loop Rd,Hampstead,28443,Mon -Sun 11am-1pm,FOODPANTRY,910-270-0750
BRUNSWICK,W1053,W1053FP,Love of Christ Ministries,4308 Bus 17 NE,Bolivia,28422,"Monday, Tuesday, Wednesday & Friday 10:30am-12:30pm & 1st & 3rd Thursday 12-2pm & 2nd & 4th Thursday 5-7pm",FOODPANTRY,910-253-4893
COLUMBUS,W1055,W1055FP1,Men and Women United for Youth and Families,1795 Woodyard Rd,Reigelwood,28456,2nd Tuesday @ 10 (while supplies last) ***TEFAP 3rd Thursday of each month at 1pm,FOODPANTRY,910-655-3811
NEWHANOVER,W1056,W1056FP,Mother Hubbard's Cupboard,315 Red Cross St,Wilmington,28401,Wednesday 12:30-3pm & Saturday 9am-12pm ,FOODPANTRY,910-762-2199
NEWHANOVER,W1057,W1057FP,Mt Olive AME Church - Helping Hand Food Pantry,1001 S 7th St,Wilmington,28401,2nd and 3rd Saturday 10am-12pm,FOODPANTRY,910-620-4738
PENDER,W1068,W1068FP,Pender County Christian Services,9955 HWY 11,Willard,28478,Monday - Thursday 12:30 pm - 3 pm Friday 12:30 pm - 2:30 pm,FOODPANTRY,
BRUNSWICK,W1072,W1072FP,Salvation and Deliverance Family Worship Center,4402 NW Rd,Leland,28451,2nd & 4th Saturdays 8-10am; 3rd Thursdays 8-10am,FOODPANTRY,910-655-3261
NEWHANOVER,W1073,W1073FP,Salvation Army - Wilmington,20 N 4th St Suite 300,Wilmington,28401,Tuesdays and Thursdays 9am-12pm,FOODPANTRY,910-762-7354
NEWHANOVER,W1073,W1073SH,Salvation Army - Wilmington,1410 William Booth Drive,Wilmington,28405,Shelter 24/7,SHELTER,910-762-7354
PENDER,W1079,W1079FP,Share the Table Inc,21 Perkins Rd,Hampstead,28443,Tues. & Wed. 10am-11:30am & 1pm-2:30pm; Thurs. 10am-11:30am & 2pm-6:30pm; Sun. 4:30pm-6pm,FOODPANTRY,910 803 0411
PENDER,W1079,W1079SK,Share the Table Inc,21 Perkins Rd,Hampstead,28443,Sundays 4-6pm,SOUP KITCH,910 803 0411
BRUNSWICK,W1080,W1080FP,Shoreline Baptist Church,4198 Vanessa Dr,Southport,28461,Mondays 3-5pm (closed federal holidays),FOODPANTRY,910-457-1909
BRUNSWICK,W1081,W1081FP,Sonrise Independent Baptist,8375 River Rd,Southport,28461,2nd and 4th Monday 2-4pm,FOODPANTRY,910-880-9889
BRUNSWICK,W1082,W1082FP,South Brunswick Inter-Church,3610 Express Dr,Shallotte,28459,Saturdays 10a.m.-12p.m.,FOODPANTRY,910-579-4684
BRUNSWICK,W1083,W1083FP,Southport Oak Island InterChur,249 W Boiling Spring Rd,Boiling Spring Lakes,28461,"Tues 9-11:30, Thurs 5-7 & Sat 9-11:30",FOODPANTRY,910-845-2320
BRUNSWICK,W1084,W1084FP,Saint Brendans Church,5101 Ocean Hwy W,Shallotte,28470,Wednesdays 10am-12pm,FOODPANTRY,910-754-8544
PENDER,W1085,W1085FP,Saint Joseph Parish Outreach,1303 Hwy 117 S,Burgaw,28425,Thursdays 12-4pm,FOODPANTRY,910-259-2601
NEWHANOVER,W1086,W1086FP,Saint Jude's Metropolitan,19 N 26th St,Wilmington,28405,1st & 3rd Tuesdays 8:30-11am,FOODPANTRY,910-762-5833
BRUNSWICK,W1087,W1087FP,Saint Mary Missionary Baptist,6401 Ocean Hwy E,Winnabow,28479,First and 3rd Saturday 11am-1pm,FOODPANTRY,910-253-7622
COLUMBUS,W1088,W1088FP,Saint Paul AME Zion Church,507 Money Hole Rd,Bolton,28423,Thursdays 12pm - 2pm,FOODPANTRY,910-622-7684
NEWHANOVER,W1089,W1089FP,CEC of Saint Peter the Fisherman,314 S Carolina Ave,Wilmington,28401,Wednesdays 9am-12pm,FOODPANTRY,910-763-6222
NEWHANOVER,W1089,W1089SK,CEC of Saint Peter the Fisherman Inc,411 Market St,Wilmington,28401,Tuesdays 10-11am,SOUP KITCH,910-763-6222
NEWHANOVER,W1093,W1093FP,The Help Center of Federal,7 N 3rd St,Carolina Beach,28428,Monday-Friday 10am-12pm,FOODPANTRY,910-458-2777
NEWHANOVER,W1097,W1097FP,The Sister Isaac Center,412 Ann St,Wilmington,28401,Monday-Thursday 9-11am (closed month of August) ,FOODPANTRY,910-762-5491 ext. 135
BRUNSWICK,W1098,W1098FP,Towncreek Vision Corporation,215 Sunnybrook Way Rd,Leland,28479,Thursdays 8-10am,FOODPANTRY,910-443-7111
BRUNSWICK,W1100,W1100FP,Trinity Missionary Baptist,883 Holden Beach Rd,Shallotte,28470,2nd & 4th Tuesday 11am-12pm,FOODPANTRY,910 754 4018
NEWHANOVER,W1103,W1103FP1,Union Missionary Baptist,2711 Princess Pl Dr,Wilmington,28405,2nd & 3rd Fri 4-6,FOODPANTRY,910-763-3006
BRUNSWICK,W1104,W1104FP,Victory Independent,516 Varnamtown Rd,Supply,28462,Tuesdays at 1pm,FOODPANTRY,910-393-7728
NEWHANOVER,W1113,W1113FP,Wrightsboro United Methodist,3300 N Kerr Ave,Wilmington,28405,Wednesdays 8:30-10am & Thursdays 3:15-4:30pm,FOODPANTRY,910-762-2583
PENDER,W1131,W1131FP,Christian Community Caring Center,15200 US Hwy 17,Hampstead,28443,"Mondays, Wednesdays, Thursdays 9am-noon & Saturdays 11am-1pm",FOODPANTRY,910-270-0930
BRUNSWICK,W1133,W1133FP,Cornerstone Baptist Church,1638 Lanvale Rd,Leland,28451,4th Thursday 4-7pm; Saturday after 2nd Thursday 10am-2pm,FOODPANTRY,910-616-1381
NEWHANOVER,W1135,W1135FP,Lighthouse Shining Ministries,6622 Carolina Beach Rd,Wilmington,28412,Thursdays 4-6pm & Sundays 10:15-11am,FOODPANTRY,910-262-5233
NEWHANOVER,W1136,W1136FP,Iglesia Vision 3D,359 Mercer Ave,Wilmington,28403,"1st, 2nd, 4th, 5th Friday at 4pm til supplies last",FOODPANTRY,910-512-6816
NEWHANOVER,W1137,W1137FP,Miracle on Meares Agency,1019 Meares St,Wilmington,28401,1st & 3rd Mondays 6-7pm,FOODPANTRY,
NEWHANOVER,W1138,W1138FP,Saint Luke AME Zion Church,709 Church St,Wilmington,28401,Wednesdays 11am-1pm ,FOODPANTRY,910-762-7876
BRUNSWICK,W1143,W1143FP,Beach Christian Recovery,1198 B Riverview Dr,Calabash,28467,Every other Saturday from 2-4pm,FOODPANTRY,910-712-2241
NEWHANOVER,W1147,W1147FP,Liberty Baptist Church of Wilmington,7957 Market St,Wilmington,28411,1st and 3rd Mondays 1-4pm,FOODPANTRY,910-686-0176
NEWHANOVER,W1160,W1160DD,"The Healing Place of New Hanover County, Inc.",1000 Medical Center Drive,Wilmington,28401,2nd and 4th Mondays 4-5pm while supplies last,DIRECT DST,
NEWHANOVER,W1160,W1160SH,"The Healing Place of New Hanover County, Inc.",1000 Medical Center Drive,Wilmington,28401,24/7,SHELTER,910-970-4673
DUPLIN,W1167,W1167FP,Ministerio Esperanza De Vida,594 Isham Frederick Rd,Magnolia,28453,Sundays 1pm - 3pm,FOODPANTRY,
NEWHANOVER,W1168,W1168FP,Shiloh Missionary Baptist Church,719 Walnut St,Wilmington,28401,Tuesdays 10am-12pm,FOODPANTRY,910-232-6587
BRUNSWICK,W1169,W1169FP,Mt Calvary AME Church,325 Main St,Navassa,28451,2nd Saturday 10am-12pm & 4th Thursday 4-6pm,FOODPANTRY,910-620-2720
NEWHANOVER,W1170,W1170FP,Market on Greenfield,1000 Greenfield St,Wilmington,28401,Monday 10am-1pm; Tuesday 1pm-4pm; Thursday 10am-1pm; Friday 1pm-4pm; 2nd & 4th Saturday 10am-1pm,FOODPANTRY,910-251-1465
BRUNSWICK,W1171,W1171FP,Royal Oak Community Food Asssistance Distribution,405 Big Macedonia Rd,Supply,28462,4th Thursday at 12pm (while supplies last),FOODPANTRY,910-754-5188
BRUNSWICK,W1171,W1171FP1,Royal Oak Concerned Citizens Association,246 Little Macedonia Rd,Supply,28462,2nd Thursday at 12pm (while supplies last) ,FOODPANTRY,910-754-5188
NEWHANOVER,W1172,W1172FP,Saint James AME Church,3425 Castle Hayne Rd,Castle Hayne,28429,2nd Tuesday & 4th Thursday 3:30-5:30pm,FOODPANTRY,910-853-2253
PENDER,W1176,W1176FP,Lakes Chapel Missionary Baptist Church,10420 Point Caswell Rd,Willard,28478,Second and Fourth Wednesday 12-2pm,FOODPANTRY,910-470-9527
